Workbook

Sheet Satokasvi
B2: Satokasvi
B4: Katetuottolaskelma | G4: Satotason vaihteluun liittyvät valinnat
C5: Määrä | D5: Hinta | E5: Summa | G5: Satotason satunnaisvaihtelu
B6: Tuotot | G6: Keskimääräinen sato | H6: 3500
B7: Ennustettu myyntituotto | C7: =H6 -> 3500 | D7: =H11/1000 -> 0.2 | E7: =C7*D7 -> 700 | G7: Keskimääräinen vaihtelu | H7: 250
B8: Tuet | E8: 500 | G8: Normaalijakauman parametrit (μ, σ) | H8: =H6 -> 3500 | I8: =H7 -> 250
G10: Hintojen satunnaisvaihtelu
G11: Keskimääräinen hinta | H11: 200
B12: Yhteensä | E12: =SUM(E7:E11) -> 1200 | G12: Keskimääräinen vaihtelu | H12: 50
G13: Normaalijakauman parametrit (μ, σ) | H13: =H11 -> 200 | I13: =H12 -> 50
B14: Kustannukset
B15: Siemen | E15: 115 | G15: Sadon epäonnistumisen todennäköisyys | H15: 0.05
B16: Lannoitus | E16: 285
B17: Kasvinsojelu | E17: 37
B18: Muut | E18: 169
B19: Konekustannus | E19: 255
B20: Kiinteät ja työ | E20: 641
B26: Yhteensä | E26: =SUM(E15:E25)-E20 -> 861
B28: Katetuotto | E28: =E12-E26 -> 339

Sheet Toimenpiteet
B2: Maan kasvukunnon parantamiseen tähtäävät toimenpiteet
B5: Kevennetty muokkaus tai suorakylvö
B6: Vaikutus satoon
B7: Välitön vaikutus satoon | C7: -0.2
B8: Pitkäaikainen vaikutus keskisatoon | C8: 0.03
B9: Vaikutus epäonnistumisen todennäköisyyteen | C9: 0
B10: Pitkä aikaväli | C10: 5
C12: Määrä tai muutosprosentti | D12: Hinta | E12: Summa
B13: Tuotot
B18: Yhteensä | E18: =SUM(E5:E17) -> 0
B20: Kustannukset
B21: Työmenekin muutos | C21: -0.66 | D21: 15 | E21: =C21*D21 -> -9.9
B22: Polttoainekustannuksen muutos | C22: -15 | D22: 1.5 | E22: =C22*D22 -> -22.5
B27: Yhteensä | E27: =SUM(E21:E23) -> -32.4
B29: Kustannusvaikutus | E29: =E27 -> -32.4
B32: Alus- ja kerääjäkasvit
B33: Vaikutus satoon
B34: Välitön vaikutus satoon | C34: -0.1
B35: Pitkäaikainen vaikutus keskisatoon | C35: 0.005
B36: Vaikutus epäonnistumisen todennäköisyyteen | C36: 0
B37: Pitkä aikaväli | C37: 5
C39: Määrä tai muutosprosentti | D39: Hinta | E39: Summa
B40: Tuotot
B41: Tuet | E41: 130
B45: Yhteensä | E45: =SUM(E32:E44) -> 130
B47: Kustannukset
B48: Siemenkustannus | E48: 50
B49: Lannoituskustannuksen muutos | C49: -0.3 | E49: =Satokasvi!E16*C49 -> -85.5
B58: Yhteensä | E58: =SUM(E48:E57) -> -35.5
B60: Kustannusvaikutus | E60: =E45-E58 -> 165.5
B63: Lannanlevitys / Orgaaninen lannoite / Maanparannusaine
B64: Vaikutus satoon
B65: Pitkäaikainen vaikutus satotasoon | C65: 0.02
B66: Vaikutus epäonnistumisen todennäköisyyteen | C66: 0
B67: Pitkä aikaväli | C67: 10
C69: Määrä tai muutosprosentti | D69: Hinta | E69: Summa
B70: Tuotot
B71: Lannoituskustannuksen muutos | C71: 0.25 | E71: =C71*Satokasvi!E16 -> 71.25
B72: Tuet | E72: 35
B76: Yhteensä | E76: =SUM(E62:E75) -> 106.25
B78: Kustannukset
B79: Hinta levitettynä | E79: 350
B86: Yhteensä | E86: =SUM(E79:E85) -> 350
B88: Kustannusvaikutus | E88: =E76-E86 -> -243.75
B91: Viherlannoitus / Maanparannus- ja saneerauskasvit
B92: Vaikutus satoon
B93: Pitkäaikainen vaikutus keskisatoon | C93: 0.01
B94: Vaikutus epäonnistumisen todennäköisyyteen | C94: 0
B95: Pitkä aikaväli | C95: 10
C97: Määrä tai muutosprosentti | D97: Hinta | E97: Summa
B98: Tuotot
B99: Tuet | E99: 80
B100: Lannoituskustannuksen muutos | C100: 1 | E100: =C100*Satokasvi!E16 -> 285
B104: Yhteensä | E104: =SUM(E91:E103) -> 365
B106: Kustannukset
B107: Siemenkustannus | E107: 50
B113: Yhteensä | E113: =SUM(E107:E112) -> 50
B115: Kustannusvaikutus | E115: =E104-E113 -> 315

Sheet Simulointi
B2: Katetuottojen simulointi
AC3: Kumulatiiviset sadot (1000 kg) ja katetuotot (€) vuosittain | BD3: Simuloidut katetuotot | BH3: Vaikutuskertoimien vaikutus katetuottoon
B4: Toimenpiteiden ja korkokannan valinta | AD4: Vuosi | BD4: Katetuotto | BE4: Katetuotto yhteensä (ei toimenpiteitä) | BF4: Katetuotto yhteensä (toimenpiteitä tehty) | BH4: Vertailtavat lyhyen aikavälin kertoimet
C5: Vuosi | AD5: 1 | AE5: 2 | AF5: 3 | AG5: 4 | AH5: 5 | AI5: 6 | AJ5: 7 | AK5: 8 | AL5: 9 | AM5: 10 | AN5: 11 | AO5: 12 | AP5: 13 | AQ5: 14 | AR5: 15 | AS5: 16 | AT5: 17 | AU5: 18 | AV5: 19 | AW5: 20 | AX5: 21 | AY5: 22 | AZ5: 23 | BA5: 24 | BB5: 25 | BD5: =BD6-(MAX($HB$62:$HC$161)-MIN($HB$62:$HC$161))/9 -> -735.74488 | BE5: =IF((COUNTIF($HB$62:$HB$161,">="&BD5)-COUNTIF($HB$62:$HB$161,">="&BD6))/100>0,(COUNTIF($HB$62:$HB$161,">="&BD5)-COUNTIF($HB$62:$HB$161,">="&BD6))/100,0) -> 0 | BF5: =IF((COUNTIF($HC$62:$HC$161,">="&BD5)-COUNTIF($HC$62:$HC$161,">="&BD6))/100>0,(COUNTIF($HC$62:$HC$161,">="&BD5)-COUNTIF($HC$62:$HC$161,">="&BD6))/100,0) -> 0 | BH5: Pienin avo | BI5: -0.5
C6: 1 | D6: 2 | E6: 3 | F6: 4 | G6: 5 | H6: 6 | I6: 7 | J6: 8 | K6: 9 | L6: 10 | M6: 11 | N6: 12 | O6: 13 | P6: 14 | Q6: 15 | R6: 16 | S6: 17 | T6: 18 | U6: 19 | V6: 20 | W6: 21 | X6: 22 | Y6: 23 | Z6: 24 | AA6: 25 | AC6: Sato (ei toimenpiteitä) | AD6: =AVERAGE(AB62:AB161)/1000 -> 3.3127776 | AE6: =AVERAGE(AC62:AC161)/1000+AD6 -> 6.6450255 | AF6: =AVERAGE(AD62:AD161)/1000+AE6 -> 9.9868838 | AG6: =AVERAGE(AE62:AE161)/1000+AF6 -> 13.280194 | AH6: =AVERAGE(AF62:AF161)/1000+AG6 -> 16.599205 | AI6: =AVERAGE(AG62:AG161)/1000+AH6 -> 19.975044 | AJ6: =AVERAGE(AH62:AH161)/1000+AI6 -> 23.305871 | AK6: =AVERAGE(AI62:AI161)/1000+AJ6 -> 26.619135 | AL6: =AVERAGE(AJ62:AJ161)/1000+AK6 -> 30.006807 | ... BB6: =AVERAGE(AZ62:AZ161)/1000+BA6 -> 83.250319 | BD6: =MIN($HB$62:$HC$161) -> -256.69627 | BE6: =IF((COUNTIF($HB$62:$HB$161,">="&BD6)-COUNTIF($HB$62:$HB$161,">="&BD7))/100>0,(COUNTIF($HB$62:$HB$161,">="&BD6)-COUNTIF($HB$62:$HB$161,">="&BD7))/100,0) -> 0.01 | BF6: =IF((COUNTIF($HC$62:$HC$161,">="&BD6)-COUNTIF($HC$62:$HC$161,">="&BD7))/100>0,(COUNTIF($HC$62:$HC$161,">="&BD6)-COUNTIF($HC$62:$HC$161,">="&BD7))/100,0) -> 0.01 | BH6: Suurin arvo | BI6: 0.5
B7: Toimenpiteet | AC7: Sato (toimenpiteitä tehty) | AD7: =AVERAGE(BB62:BB161)/1000 -> 2.4018963 | AE7: =AVERAGE(BC62:BC161)/1000+AD7 -> 4.8347038 | AF7: =AVERAGE(BD62:BD161)/1000+AE7 -> 7.2913707 | AG7: =AVERAGE(BE62:BE161)/1000+AF7 -> 9.7289475 | AH7: =AVERAGE(BF62:BF161)/1000+AG7 -> 12.202274 | AI7: =AVERAGE(BG62:BG161)/1000+AH7 -> 14.717949 | AJ7: =AVERAGE(BH62:BH161)/1000+AI7 -> 17.200082 | AK7: =AVERAGE(BI62:BI161)/1000+AJ7 -> 19.669126 | AL7: =AVERAGE(BJ62:BJ161)/1000+AK7 -> 22.193619 | ... BB7: =AVERAGE(BZ62:BZ161)/1000+BA7 -> 61.870685 | BD7: =BD6+(MAX($HB$62:$HC$161)-MIN($HB$62:$HC$161))/9 -> 222.35235 | BE7: =IF((COUNTIF($HB$62:$HB$161,">="&BD7)-COUNTIF($HB$62:$HB$161,">="&BD8))/100>0,(COUNTIF($HB$62:$HB$161,">="&BD7)-COUNTIF($HB$62:$HB$161,">="&BD8))/100,0) -> 0 | BF7: =IF((COUNTIF($HC$62:$HC$161,">="&BD7)-COUNTIF($HC$62:$HC$161,">="&BD8))/100>0,(COUNTIF($HC$62:$HC$161,">="&BD7)-COUNTIF($HC$62:$HC$161,">="&BD8))/100,0) -> 0
B8: Kevennetty muokkaus tai suorakylvö | C8: x | D8: x | E8: x | F8: x | G8: x | H8: x | I8: x | J8: x | K8: x | L8: x | M8: x | N8: x | O8: x | P8: x | Q8: x | R8: x | S8: x | T8: x | U8: x | V8: x | W8: x | X8: x | Y8: x | Z8: x | AA8: x | AC8: Katetuotto (ei toimenpiteitä) | AD8: =AVERAGE(DB62:DB161) -> 331.20343 | AE8: =AVERAGE(DC62:DC161)+AD8 -> 630.30513 | AF8: =AVERAGE(DD62:DD161)+AE8 -> 919.03676 | AG8: =AVERAGE(DE62:DE161)+AF8 -> 1177.6667 | AH8: =AVERAGE(DF62:DF161)+AG8 -> 1426.8183 | AI8: =AVERAGE(DG62:DG161)+AH8 -> 1706.5949 | AJ8: =AVERAGE(DH62:DH161)+AI8 -> 1961.8971 | AK8: =AVERAGE(DI62:DI161)+AJ8 -> 2202.616 | AL8: =AVERAGE(DJ62:DJ161)+AK8 -> 2461.8466 | ... BB8: =AVERAGE(DZ62:DZ161)+BA8 -> 5385.9688 | BD8: =BD7+(MAX($HB$62:$HC$161)-MIN($HB$62:$HC$161))/9 -> 701.40097 | BE8: =IF((COUNTIF($HB$62:$HB$161,">="&BD8)-COUNTIF($HB$62:$HB$161,">="&BD9))/100>0,(COUNTIF($HB$62:$HB$161,">="&BD8)-COUNTIF($HB$62:$HB$161,">="&BD9))/100,0) -> 0 | BF8: =IF((COUNTIF($HC$62:$HC$161,">="&BD8)-COUNTIF($HC$62:$HC$161,">="&BD9))/100>0,(COUNTIF($HC$62:$HC$161,">="&BD8)-COUNTIF($HC$62:$HC$161,">="&BD9))/100,0) -> 0 | BH8: Vertailtavat pitkän aikavälin kertoimet
B9: Alus- ja kerääjäkasvit | C9: x | D9: x | E9: x | F9: x | G9: x | H9: x | I9: x | J9: x | K9: x | L9: x | M9: x | N9: x | O9: x | P9: x | Q9: x | R9: x | S9: x | T9: x | U9: x | V9: x | W9: x | X9: x | Y9: x | Z9: x | AA9: x | AC9: Kkatetuotto (toimenpiteitä tehty) | AD9: =AVERAGE(EB62:EB161) -> 272.98956 | AE9: =AVERAGE(EC62:EC161)+AD9 -> 524.96964 | AF9: =AVERAGE(ED62:ED161)+AE9 -> 771.52001 | AG9: =AVERAGE(EE62:EE161)+AF9 -> 997.8631 | AH9: =AVERAGE(EF62:EF161)+AG9 -> 1218.9989 | AI9: =AVERAGE(EG62:EG161)+AH9 -> 1461.9235 | AJ9: =AVERAGE(EH62:EH161)+AI9 -> 1685.6067 | AK9: =AVERAGE(EI62:EI161)+AJ9 -> 1897.4487 | AL9: =AVERAGE(EJ62:EJ161)+AK9 -> 2122.1403 | ... BB9: =AVERAGE(EZ62:EZ161)+BA9 -> 4697.033 | BD9: =BD8+(MAX($HB$62:$HC$161)-MIN($HB$62:$HC$161))/9 -> 1180.4496 | BE9: =IF((COUNTIF($HB$62:$HB$161,">="&BD9)-COUNTIF($HB$62:$HB$161,">="&BD10))/100>0,(COUNTIF($HB$62:$HB$161,">="&BD9)-COUNTIF($HB$62:$HB$161,">="&BD10))/100,0) -> 0.03 | BF9: =IF((COUNTIF($HC$62:$HC$161,">="&BD9)-COUNTIF($HC$62:$HC$161,">="&BD10))/100>0,(COUNTIF($HC$62:$HC$161,">="&BD9)-COUNTIF($HC$62:$HC$161,">="&BD10))/100,0) -> 0.07 | BH9: Pitkä aikaväli | BI9: 10
B10: Lannanlevitys / Orgaaninen lannoite / Maanparannuskuitu | BD10: =BD9+(MAX($HB$62:$HC$161)-MIN($HB$62:$HC$161))/9 -> 1659.4982 | BE10: =IF((COUNTIF($HB$62:$HB$161,">="&BD10)-COUNTIF($HB$62:$HB$161,">="&BD11))/100>0,(COUNTIF($HB$62:$HB$161,">="&BD10)-COUNTIF($HB$62:$HB$161,">="&BD11))/100,0) -> 0.1 | BF10: =IF((COUNTIF($HC$62:$HC$161,">="&BD10)-COUNTIF($HC$62:$HC$161,">="&BD11))/100>0,(COUNTIF($HC$62:$HC$161,">="&BD10)-COUNTIF($HC$62:$HC$161,">="&BD11))/100,0) -> 0.24 | BH10: Pienin avo | BI10: -0.1
B11: Viherlannoitus / Maanparannus- ja saneerauskasvit | BD11: =BD10+(MAX($HB$62:$HC$161)-MIN($HB$62:$HC$161))/9 -> 2138.5468 | BE11: =IF((COUNTIF($HB$62:$HB$161,">="&BD11)-COUNTIF($HB$62:$HB$161,">="&BD12))/100>0,(COUNTIF($HB$62:$HB$161,">="&BD11)-COUNTIF($HB$62:$HB$161,">="&BD12))/100,0) -> 0.31 | BF11: =IF((COUNTIF($HC$62:$HC$161,">="&BD11)-COUNTIF($HC$62:$HC$161,">="&BD12))/100>0,(COUNTIF($HC$62:$HC$161,">="&BD11)-COUNTIF($HC$62:$HC$161,">="&BD12))/100,0) -> 0.46 | BH11: Suurin arvo | BI11: 0.1
BD12: =BD11+(MAX($HB$62:$HC$161)-MIN($HB$62:$HC$161))/9 -> 2617.5954 | BE12: =IF((COUNTIF($HB$62:$HB$161,">="&BD12)-COUNTIF($HB$62:$HB$161,">="&BD13))/100>0,(COUNTIF($HB$62:$HB$161,">="&BD12)-COUNTIF($HB$62:$HB$161,">="&BD13))/100,0) -> 0.33 | BF12: =IF((COUNTIF($HC$62:$HC$161,">="&BD12)-COUNTIF($HC$62:$HC$161,">="&BD13))/100>0,(COUNTIF($HC$62:$HC$161,">="&BD12)-COUNTIF($HC$62:$HC$161,">="&BD13))/100,0) -> 0.15
B13: Laskentakorko | C13: 0.03 | BD13: =BD12+(MAX($HB$62:$HC$161)-MIN($HB$62:$HC$161))/9 -> 3096.644 | BE13: =IF((COUNTIF($HB$62:$HB$161,">="&BD13)-COUNTIF($HB$62:$HB$161,">="&BD14))/100>0,(COUNTIF($HB$62:$HB$161,">="&BD13)-COUNTIF($HB$62:$HB$161,">="&BD14))/100,0) -> 0.12 | BF13: =IF((COUNTIF($HC$62:$HC$161,">="&BD13)-COUNTIF($HC$62:$HC$161,">="&BD14))/100>0,(COUNTIF($HC$62:$HC$161,">="&BD13)-COUNTIF($HC$62:$HC$161,">="&BD14))/100,0) -> 0.07 | BH13: Tarkastelujakso (vuotta): | BI13: 10
BD14: =BD13+(MAX($HB$62:$HC$161)-MIN($HB$62:$HC$161))/9 -> 3575.6927 | BE14: =IF((COUNTIF($HB$62:$HB$161,">="&BD14)-COUNTIF($HB$62:$HB$161,">="&BD15))/100>0,(COUNTIF($HB$62:$HB$161,">="&BD14)-COUNTIF($HB$62:$HB$161,">="&BD15))/100,0) -> 0.09 | BF14: =IF((COUNTIF($HC$62:$HC$161,">="&BD14)-COUNTIF($HC$62:$HC$161,">="&BD15))/100>0,(COUNTIF($HC$62:$HC$161,">="&BD14)-COUNTIF($HC$62:$HC$161,">="&BD15))/100,0) -> 0
BD15: =MAX($HB$62:$HC$161) -> 4054.7413 | BE15: =IF((COUNTIF($HB$62:$HB$161,">="&BD15)-COUNTIF($HB$62:$HB$161,">="&BD16))/100>0,(COUNTIF($HB$62:$HB$161,">="&BD15)-COUNTIF($HB$62:$HB$161,">="&BD16))/100,0) -> 0.01 | BF15: =IF((COUNTIF($HC$62:$HC$161,">="&BD15)-COUNTIF($HC$62:$HC$161,">="&BD16))/100>0,(COUNTIF($HC$62:$HC$161,">="&BD15)-COUNTIF($HC$62:$HC$161,">="&BD16))/100,0) -> 0 | BH15: Odotettu katetuotto yhteensä (ei toimenpiteitä) | BI15: =_xlfn.XLOOKUP($BI$13,$IG$61:$JE$61,IG62:JE62) -> 2891.7388
BD16: =BD15+(MAX($HB$62:$HC$161)-MIN($HB$62:$HC$161))/9 -> 4533.7899 | BE16: =COUNTIF($HB$62:$HB$161,">"&BD16) -> 0 | BF16: =COUNTIF($HC$62:$HC$161,">"&BD16) -> 0
B17: Pitkän aikavälin vaikutukset | BH17: Odotettu katetuotto yhteensä (toimenpiteitä tehty)
C18: Vuosi | BD18: Tarkastelujakso (vuotta): | BE18: 10 | BJ18: Välitön vaikutus satotasoon
C19: 1 | D19: 2 | E19: 3 | F19: 4 | G19: 5 | H19: 6 | I19: 7 | J19: 8 | K19: 9 | L19: 10 | M19: 11 | N19: 12 | O19: 13 | P19: 14 | Q19: 15 | R19: 16 | S19: 17 | T19: 18 | U19: 19 | V19: 20 | W19: 21 | X19: 22 | Y19: 23 | Z19: 24 | AA19: 25 | BJ19: =HE80 -> -0.5 | BK19: =HE90 -> -0.38888889 | BL19: =HE100 -> -0.27777778 | BM19: =HE110 -> -0.16666667 | BN19: =HE120 -> -0.055555556 | BO19: =HE130 -> 0.055555556 | BP19: =HE140 -> 0.16666667 | BQ19: =HE150 -> 0.27777778 | BR19: =HE160 -> 0.38888889 | BS19: =HE170 -> 0.5
BH20: Pitkäaikainen vaikutus satotasoon | BI20: =HF67 -> -0.1 | BJ20: =_xlfn.XLOOKUP($BI$13,$IG$61:$JE$61,IG183:JE183) -> 884.60129 | BK20: =_xlfn.XLOOKUP($BI$13,$IG$61:$JE$61,IG193:JE193) -> 1513.1867 | BL20: =_xlfn.XLOOKUP($BI$13,$IG$61:$JE$61,IG203:JE203) -> 2141.7722 | BM20: =_xlfn.XLOOKUP($BI$13,$IG$61:$JE$61,IG213:JE213) -> 2770.3576 | BN20: =_xlfn.XLOOKUP($BI$13,$IG$61:$JE$61,IG223:JE223) -> 3398.9431 | BO20: =_xlfn.XLOOKUP($BI$13,$IG$61:$JE$61,IG233:JE233) -> 4027.5285 | BP20: =_xlfn.XLOOKUP($BI$13,$IG$61:$JE$61,IG243:JE243) -> 4656.114 | BQ20: =_xlfn.XLOOKUP($BI$13,$IG$61:$JE$61,IG253:JE253) -> 5284.6994 | BR20: =_xlfn.XLOOKUP($BI$13,$IG$61:$JE$61,IG263:JE263) -> 5913.2849 | BS20: =_xlfn.XLOOKUP($BI$13,$IG$61:$JE$61,IG273:JE273) -> 6541.8703
B21: Vaikutus satoon | BI21: =HF68 -> -0.077777778 | BJ21: =_xlfn.XLOOKUP($BI$13,$IG$61:$JE$61,IG184:JE184) -> 919.47606 | BK21: =_xlfn.XLOOKUP($BI$13,$IG$61:$JE$61,IG194:JE194) -> 1555.8115 | BL21: =_xlfn.XLOOKUP($BI$13,$IG$61:$JE$61,IG204:JE204) -> 2192.1469 | BM21: =_xlfn.XLOOKUP($BI$13,$IG$61:$JE$61,IG214:JE214) -> 2828.4823 | BN21: =_xlfn.XLOOKUP($BI$13,$IG$61:$JE$61,IG224:JE224) -> 3464.8177 | BO21: =_xlfn.XLOOKUP($BI$13,$IG$61:$JE$61,IG234:JE234) -> 4101.1531 | BP21: =_xlfn.XLOOKUP($BI$13,$IG$61:$JE$61,IG244:JE244) -> 4737.4885 | BQ21: =_xlfn.XLOOKUP($BI$13,$IG$61:$JE$61,IG254:JE254) -> 5373.8239 | BR21: =_xlfn.XLOOKUP($BI$13,$IG$61:$JE$61,IG264:JE264) -> 6010.1592 | BS21: =_xlfn.XLOOKUP($BI$13,$IG$61:$JE$61,IG274:JE274) -> 6646.4946
B22: Kevennetty muokkaus tai suorakylvö | C22: =IF(C$19<Toimenpiteet!$C$10,Toimenpiteet!$C$8*100/Toimenpiteet!$C$10*C$19,Toimenpiteet!$C$8*100/Toimenpiteet!$C$10*Toimenpiteet!$C$10) -> 0.6 | D22: =IF(D$19<Toimenpiteet!$C$10,Toimenpiteet!$C$8*100/Toimenpiteet!$C$10*D$19,Toimenpiteet!$C$8*100/Toimenpiteet!$C$10*Toimenpiteet!$C$10) -> 1.2 | E22: =IF(E$19<Toimenpiteet!$C$10,Toimenpiteet!$C$8*100/Toimenpiteet!$C$10*E$19,Toimenpiteet!$C$8*100/Toimenpiteet!$C$10*Toimenpiteet!$C$10) -> 1.8 | F22: =IF(F$19<Toimenpiteet!$C$10,Toimenpiteet!$C$8*100/Toimenpiteet!$C$10*F$19,Toimenpiteet!$C$8*100/Toimenpiteet!$C$10*Toimenpiteet!$C$10) -> 2.4 | G22: =IF(G$19<Toimenpiteet!$C$10,Toimenpiteet!$C$8*100/Toimenpiteet!$C$10*G$19,Toimenpiteet!$C$8*100/Toimenpiteet!$C$10*Toimenpiteet!$C$10) -> 3 | H22: =IF(H$19<Toimenpiteet!$C$10,Toimenpiteet!$C$8*100/Toimenpiteet!$C$10*H$19,Toimenpiteet!$C$8*100/Toimenpiteet!$C$10*Toimenpiteet!$C$10) -> 3 | I22: =IF(I$19<Toimenpiteet!$C$10,Toimenpiteet!$C$8*100/Toimenpiteet!$C$10*I$19,Toimenpiteet!$C$8*100/Toimenpiteet!$C$10*Toimenpiteet!$C$10) -> 3 | J22: =IF(J$19<Toimenpiteet!$C$10,Toimenpiteet!$C$8*100/Toimenpiteet!$C$10*J$19,Toimenpiteet!$C$8*100/Toimenpiteet!$C$10*Toimenpiteet!$C$10) -> 3 | ... AA22: =IF(AA$19<Toimenpiteet!$C$10,Toimenpiteet!$C$8*100/Toimenpiteet!$C$10*AA$19,Toimenpiteet!$C$8*100/Toimenpiteet!$C$10*Toimenpiteet!$C$10) -> 3 | BI22: =HF69 -> -0.055555556 | BJ22: =_xlfn.XLOOKUP($BI$13,$IG$61:$JE$61,IG185:JE185) -> 954.35084 | BK22: =_xlfn.XLOOKUP($BI$13,$IG$61:$JE$61,IG195:JE195) -> 1598.4362 | BL22: =_xlfn.XLOOKUP($BI$13,$IG$61:$JE$61,IG205:JE205) -> 2242.5215 | BM22: =_xlfn.XLOOKUP($BI$13,$IG$61:$JE$61,IG215:JE215) -> 2886.6069 | BN22: =_xlfn.XLOOKUP($BI$13,$IG$61:$JE$61,IG225:JE225) -> 3530.6922 | BO22: =_xlfn.XLOOKUP($BI$13,$IG$61:$JE$61,IG235:JE235) -> 4174.7776 | BP22: =_xlfn.XLOOKUP($BI$13,$IG$61:$JE$61,IG245:JE245) -> 4818.8629 | BQ22: =_xlfn.XLOOKUP($BI$13,$IG$61:$JE$61,IG255:JE255) -> 5462.9483 | BR22: =_xlfn.XLOOKUP($BI$13,$IG$61:$JE$61,IG265:JE265) -> 6107.0336 | BS22: =_xlfn.XLOOKUP($BI$13,$IG$61:$JE$61,IG275:JE275) -> 6751.119
C23: =IF(COUNTIF($C$8:C8,"x")=0,0,_xlfn.XLOOKUP(COUNTIF($C$8:C8,"x"),$C$19:$AA$19,$C$22:$AA$22)) -> 0.6 | D23: =IF(COUNTIF($C$8:D8,"x")=0,0,_xlfn.XLOOKUP(COUNTIF($C$8:D8,"x"),$C$19:$AA$19,$C$22:$AA$22)) -> 1.2 | E23: =IF(COUNTIF($C$8:E8,"x")=0,0,_xlfn.XLOOKUP(COUNTIF($C$8:E8,"x"),$C$19:$AA$19,$C$22:$AA$22)) -> 1.8 | F23: =IF(COUNTIF($C$8:F8,"x")=0,0,_xlfn.XLOOKUP(COUNTIF($C$8:F8,"x"),$C$19:$AA$19,$C$22:$AA$22)) -> 2.4 | G23: =IF(COUNTIF($C$8:G8,"x")=0,0,_xlfn.XLOOKUP(COUNTIF($C$8:G8,"x"),$C$19:$AA$19,$C$22:$AA$22)) -> 3 | H23: =IF(COUNTIF($C$8:H8,"x")=0,0,_xlfn.XLOOKUP(COUNTIF($C$8:H8,"x"),$C$19:$AA$19,$C$22:$AA$22)) -> 3 | I23: =IF(COUNTIF($C$8:I8,"x")=0,0,_xlfn.XLOOKUP(COUNTIF($C$8:I8,"x"),$C$19:$AA$19,$C$22:$AA$22)) -> 3 | J23: =IF(COUNTIF($C$8:J8,"x")=0,0,_xlfn.XLOOKUP(COUNTIF($C$8:J8,"x"),$C$19:$AA$19,$C$22:$AA$22)) -> 3 | ... AA23: =IF(COUNTIF($C$8:AA8,"x")=0,0,_xlfn.XLOOKUP(COUNTIF($C$8:AA8,"x"),$C$19:$AA$19,$C$22:$AA$22)) -> 3 | BI23: =HF70 -> -0.033333333 | BJ23: =_xlfn.XLOOKUP($BI$13,$IG$61:$JE$61,IG186:JE186) -> 989.22561 | BK23: =_xlfn.XLOOKUP($BI$13,$IG$61:$JE$61,IG196:JE196) -> 1641.0609 | BL23: =_xlfn.XLOOKUP($BI$13,$IG$61:$JE$61,IG206:JE206) -> 2292.8962 | BM23: =_xlfn.XLOOKUP($BI$13,$IG$61:$JE$61,IG216:JE216) -> 2944.7315 | BN23: =_xlfn.XLOOKUP($BI$13,$IG$61:$JE$61,IG226:JE226) -> 3596.5668 | BO23: =_xlfn.XLOOKUP($BI$13,$IG$61:$JE$61,IG236:JE236) -> 4248.4021 | BP23: =_xlfn.XLOOKUP($BI$13,$IG$61:$JE$61,IG246:JE246) -> 4900.2374 | BQ23: =_xlfn.XLOOKUP($BI$13,$IG$61:$JE$61,IG256:JE256) -> 5552.0727 | BR23: =_xlfn.XLOOKUP($BI$13,$IG$61:$JE$61,IG266:JE266) -> 6203.908 | BS23: =_xlfn.XLOOKUP($BI$13,$IG$61:$JE$61,IG276:JE276) -> 6855.7433
B24: Alus- ja kerääjäkasvit | C24: =IF(C$19<Toimenpiteet!$C$37,Toimenpiteet!$C$35*100/Toimenpiteet!$C$37*C$19,Toimenpiteet!$C$35*100/Toimenpiteet!$C$37*Toimenpiteet!$C$37) -> 0.1 | D24: =IF(D$19<Toimenpiteet!$C$37,Toimenpiteet!$C$35*100/Toimenpiteet!$C$37*D$19,Toimenpiteet!$C$35*100/Toimenpiteet!$C$37*Toimenpiteet!$C$37) -> 0.2 | E24: =IF(E$19<Toimenpiteet!$C$37,Toimenpiteet!$C$35*100/Toimenpiteet!$C$37*E$19,Toimenpiteet!$C$35*100/Toimenpiteet!$C$37*Toimenpiteet!$C$37) -> 0.3 | F24: =IF(F$19<Toimenpiteet!$C$37,Toimenpiteet!$C$35*100/Toimenpiteet!$C$37*F$19,Toimenpiteet!$C$35*100/Toimenpiteet!$C$37*Toimenpiteet!$C$37) -> 0.4 | G24: =IF(G$19<Toimenpiteet!$C$37,Toimenpiteet!$C$35*100/Toimenpiteet!$C$37*G$19,Toimenpiteet!$C$35*100/Toimenpiteet!$C$37*Toimenpiteet!$C$37) -> 0.5 | H24: =IF(H$19<Toimenpiteet!$C$37,Toimenpiteet!$C$35*100/Toimenpiteet!$C$37*H$19,Toimenpiteet!$C$35*100/Toimenpiteet!$C$37*Toimenpiteet!$C$37) -> 0.5 | I24: =IF(I$19<Toimenpiteet!$C$37,Toimenpiteet!$C$35*100/Toimenpiteet!$C$37*I$19,Toimenpiteet!$C$35*100/Toimenpiteet!$C$37*Toimenpiteet!$C$37) -> 0.5 | J24: =IF(J$19<Toimenpiteet!$C$37,Toimenpiteet!$C$35*100/Toimenpiteet!$C$37*J$19,Toimenpiteet!$C$35*100/Toimenpiteet!$C$37*Toimenpiteet!$C$37) -> 0.5 | ... AA24: =IF(AA$19<Toimenpiteet!$C$37,Toimenpiteet!$C$35*100/Toimenpiteet!$C$37*AA$19,Toimenpiteet!$C$35*100/Toimenpiteet!$C$37*Toimenpiteet!$C$37) -> 0.5 | BI24: =HF71 -> -0.011111111 | BJ24: =_xlfn.XLOOKUP($BI$13,$IG$61:$JE$61,IG187:JE187) -> 1024.1004 | BK24: =_xlfn.XLOOKUP($BI$13,$IG$61:$JE$61,IG197:JE197) -> 1683.6856 | BL24: =_xlfn.XLOOKUP($BI$13,$IG$61:$JE$61,IG207:JE207) -> 2343.2709 | BM24: =_xlfn.XLOOKUP($BI$13,$IG$61:$JE$61,IG217:JE217) -> 3002.8561 | BN24: =_xlfn.XLOOKUP($BI$13,$IG$61:$JE$61,IG227:JE227) -> 3662.4414 | BO24: =_xlfn.XLOOKUP($BI$13,$IG$61:$JE$61,IG237:JE237) -> 4322.0266 | BP24: =_xlfn.XLOOKUP($BI$13,$IG$61:$JE$61,IG247:JE247) -> 4981.6119 | BQ24: =_xlfn.XLOOKUP($BI$13,$IG$61:$JE$61,IG257:JE257) -> 5641.1971 | BR24: =_xlfn.XLOOKUP($BI$13,$IG$61:$JE$61,IG267:JE267) -> 6300.7823 | BS24: =_xlfn.XLOOKUP($BI$13,$IG$61:$JE$61,IG277:JE277) -> 6960.3676
C25: =IF(COUNTIF($C$9:C9,"x")=0,0,_xlfn.XLOOKUP(COUNTIF($C$9:C9,"x"),$C$19:$AA$19,$C$24:$AA$24)) -> 0.1 | D25: =IF(COUNTIF($C$9:D9,"x")=0,0,_xlfn.XLOOKUP(COUNTIF($C$9:D9,"x"),$C$19:$AA$19,$C$24:$AA$24)) -> 0.2 | E25: =IF(COUNTIF($C$9:E9,"x")=0,0,_xlfn.XLOOKUP(COUNTIF($C$9:E9,"x"),$C$19:$AA$19,$C$24:$AA$24)) -> 0.3 | F25: =IF(COUNTIF($C$9:F9,"x")=0,0,_xlfn.XLOOKUP(COUNTIF($C$9:F9,"x"),$C$19:$AA$19,$C$24:$AA$24)) -> 0.4 | G25: =IF(COUNTIF($C$9:G9,"x")=0,0,_xlfn.XLOOKUP(COUNTIF($C$9:G9,"x"),$C$19:$AA$19,$C$24:$AA$24)) -> 0.5 | H25: =IF(COUNTIF($C$9:H9,"x")=0,0,_xlfn.XLOOKUP(COUNTIF($C$9:H9,"x"),$C$19:$AA$19,$C$24:$AA$24)) -> 0.5 | I25: =IF(COUNTIF($C$9:I9,"x")=0,0,_xlfn.XLOOKUP(COUNTIF($C$9:I9,"x"),$C$19:$AA$19,$C$24:$AA$24)) -> 0.5 | J25: =IF(COUNTIF($C$9:J9,"x")=0,0,_xlfn.XLOOKUP(COUNTIF($C$9:J9,"x"),$C$19:$AA$19,$C$24:$AA$24)) -> 0.5 | ... AA25: =IF(COUNTIF($C$9:AA9,"x")=0,0,_xlfn.XLOOKUP(COUNTIF($C$9:AA9,"x"),$C$19:$AA$19,$C$24:$AA$24)) -> 0.5 | BI25: =HF72 -> 0.011111111 | BJ25: =_xlfn.XLOOKUP($BI$13,$IG$61:$JE$61,IG188:JE188) -> 1058.9752 | BK25: =_xlfn.XLOOKUP($BI$13,$IG$61:$JE$61,IG198:JE198) -> 1726.3103 | BL25: =_xlfn.XLOOKUP($BI$13,$IG$61:$JE$61,IG208:JE208) -> 2393.6455 | BM25: =_xlfn.XLOOKUP($BI$13,$IG$61:$JE$61,IG218:JE218) -> 3060.9807 | BN25: =_xlfn.XLOOKUP($BI$13,$IG$61:$JE$61,IG228:JE228) -> 3728.3159 | BO25: =_xlfn.XLOOKUP($BI$13,$IG$61:$JE$61,IG238:JE238) -> 4395.6511 | BP25: =_xlfn.XLOOKUP($BI$13,$IG$61:$JE$61,IG248:JE248) -> 5062.9863 | BQ25: =_xlfn.XLOOKUP($BI$13,$IG$61:$JE$61,IG258:JE258) -> 5730.3215 | BR25: =_xlfn.XLOOKUP($BI$13,$IG$61:$JE$61,IG268:JE268) -> 6397.6567 | BS25: =_xlfn.XLOOKUP($BI$13,$IG$61:$JE$61,IG278:JE278) -> 7064.9919
B26: Lannanlevitys / Orgaaninen lannoite / Maanparannuskuitu | C26: =IF(C$19<Toimenpiteet!$C$67,Toimenpiteet!$C$65*100/Toimenpiteet!$C$67*C$19,Toimenpiteet!$C$65*100/Toimenpiteet!$C$67*Toimenpiteet!$C$67) -> 0.2 | D26: =IF(D$19<Toimenpiteet!$C$67,Toimenpiteet!$C$65*100/Toimenpiteet!$C$67*D$19,Toimenpiteet!$C$65*100/Toimenpiteet!$C$67*Toimenpiteet!$C$67) -> 0.4 | E26: =IF(E$19<Toimenpiteet!$C$67,Toimenpiteet!$C$65*100/Toimenpiteet!$C$67*E$19,Toimenpiteet!$C$65*100/Toimenpiteet!$C$67*Toimenpiteet!$C$67) -> 0.6 | F26: =IF(F$19<Toimenpiteet!$C$67,Toimenpiteet!$C$65*100/Toimenpiteet!$C$67*F$19,Toimenpiteet!$C$65*100/Toimenpiteet!$C$67*Toimenpiteet!$C$67) -> 0.8 | G26: =IF(G$19<Toimenpiteet!$C$67,Toimenpiteet!$C$65*100/Toimenpiteet!$C$67*G$19,Toimenpiteet!$C$65*100/Toimenpiteet!$C$67*Toimenpiteet!$C$67) -> 1 | H26: =IF(H$19<Toimenpiteet!$C$67,Toimenpiteet!$C$65*100/Toimenpiteet!$C$67*H$19,Toimenpiteet!$C$65*100/Toimenpiteet!$C$67*Toimenpiteet!$C$67) -> 1.2 | I26: =IF(I$19<Toimenpiteet!$C$67,Toimenpiteet!$C$65*100/Toimenpiteet!$C$67*I$19,Toimenpiteet!$C$65*100/Toimenpiteet!$C$67*Toimenpiteet!$C$67) -> 1.4 | J26: =IF(J$19<Toimenpiteet!$C$67,Toimenpiteet!$C$65*100/Toimenpiteet!$C$67*J$19,Toimenpiteet!$C$65*100/Toimenpiteet!$C$67*Toimenpiteet!$C$67) -> 1.6 | ... AA26: =IF(AA$19<Toimenpiteet!$C$67,Toimenpiteet!$C$65*100/Toimenpiteet!$C$67*AA$19,Toimenpiteet!$C$65*100/Toimenpiteet!$C$67*Toimenpiteet!$C$67) -> 2 | BI26: =HF73 -> 0.033333333 | BJ26: =_xlfn.XLOOKUP($BI$13,$IG$61:$JE$61,IG189:JE189) -> 1093.8499 | BK26: =_xlfn.XLOOKUP($BI$13,$IG$61:$JE$61,IG199:JE199) -> 1768.9351 | BL26: =_xlfn.XLOOKUP($BI$13,$IG$61:$JE$61,IG209:JE209) -> 2444.0202 | BM26: =_xlfn.XLOOKUP($BI$13,$IG$61:$JE$61,IG219:JE219) -> 3119.1054 | BN26: =_xlfn.XLOOKUP($BI$13,$IG$61:$JE$61,IG229:JE229) -> 3794.1905 | BO26: =_xlfn.XLOOKUP($BI$13,$IG$61:$JE$61,IG239:JE239) -> 4469.2756 | BP26: =_xlfn.XLOOKUP($BI$13,$IG$61:$JE$61,IG249:JE249) -> 5144.3608 | BQ26: =_xlfn.XLOOKUP($BI$13,$IG$61:$JE$61,IG259:JE259) -> 5819.4459 | BR26: =_xlfn.XLOOKUP($BI$13,$IG$61:$JE$61,IG269:JE269) -> 6494.5311 | BS26: =_xlfn.XLOOKUP($BI$13,$IG$61:$JE$61,IG279:JE279) -> 7169.6162
C27: =IF(COUNTIF($C$10:C10,"x")=0,0,_xlfn.XLOOKUP(COUNTIF($C$10:C10,"x"),$C$19:$AA$19,$C$26:$AA$26)) -> 0 | D27: =IF(COUNTIF($C$10:D10,"x")=0,0,_xlfn.XLOOKUP(COUNTIF($C$10:D10,"x"),$C$19:$AA$19,$C$26:$AA$26)) -> 0 | E27: =IF(COUNTIF($C$10:E10,"x")=0,0,_xlfn.XLOOKUP(COUNTIF($C$10:E10,"x"),$C$19:$AA$19,$C$26:$AA$26)) -> 0 | F27: =IF(COUNTIF($C$10:F10,"x")=0,0,_xlfn.XLOOKUP(COUNTIF($C$10:F10,"x"),$C$19:$AA$19,$C$26:$AA$26)) -> 0 | G27: =IF(COUNTIF($C$10:G10,"x")=0,0,_xlfn.XLOOKUP(COUNTIF($C$10:G10,"x"),$C$19:$AA$19,$C$26:$AA$26)) -> 0 | H27: =IF(COUNTIF($C$10:H10,"x")=0,0,_xlfn.XLOOKUP(COUNTIF($C$10:H10,"x"),$C$19:$AA$19,$C$26:$AA$26)) -> 0 | I27: =IF(COUNTIF($C$10:I10,"x")=0,0,_xlfn.XLOOKUP(COUNTIF($C$10:I10,"x"),$C$19:$AA$19,$C$26:$AA$26)) -> 0 | J27: =IF(COUNTIF($C$10:J10,"x")=0,0,_xlfn.XLOOKUP(COUNTIF($C$10:J10,"x"),$C$19:$AA$19,$C$26:$AA$26)) -> 0 | ... AA27: =IF(COUNTIF($C$10:AA10,"x")=0,0,_xlfn.XLOOKUP(COUNTIF($C$10:AA10,"x"),$C$19:$AA$19,$C$26:$AA$26)) -> 0 | BI27: =HF74 -> 0.055555556 | BJ27: =_xlfn.XLOOKUP($BI$13,$IG$61:$JE$61,IG190:JE190) -> 1128.7247 | BK27: =_xlfn.XLOOKUP($BI$13,$IG$61:$JE$61,IG200:JE200) -> 1811.5598 | BL27: =_xlfn.XLOOKUP($BI$13,$IG$61:$JE$61,IG210:JE210) -> 2494.3949 | BM27: =_xlfn.XLOOKUP($BI$13,$IG$61:$JE$61,IG220:JE220) -> 3177.23 | BN27: =_xlfn.XLOOKUP($BI$13,$IG$61:$JE$61,IG230:JE230) -> 3860.0651 | BO27: =_xlfn.XLOOKUP($BI$13,$IG$61:$JE$61,IG240:JE240) -> 4542.9002 | BP27: =_xlfn.XLOOKUP($BI$13,$IG$61:$JE$61,IG250:JE250) -> 5225.7353 | BQ27: =_xlfn.XLOOKUP($BI$13,$IG$61:$JE$61,IG260:JE260) -> 5908.5704 | BR27: =_xlfn.XLOOKUP($BI$13,$IG$61:$JE$61,IG270:JE270) -> 6591.4054 | BS27: =_xlfn.XLOOKUP($BI$13,$IG$61:$JE$61,IG280:JE280) -> 7274.2405
B28: Viherlannoitus | C28: =IF(C$19<Toimenpiteet!$C$95,Toimenpiteet!$C$93*100/Toimenpiteet!$C$95*C$19,Toimenpiteet!$C$93*100/Toimenpiteet!$C$95*Toimenpiteet!$C$95) -> 0.1 | D28: =IF(D$19<Toimenpiteet!$C$95,Toimenpiteet!$C$93*100/Toimenpiteet!$C$95*D$19,Toimenpiteet!$C$93*100/Toimenpiteet!$C$95*Toimenpiteet!$C$95) -> 0.2 | E28: =IF(E$19<Toimenpiteet!$C$95,Toimenpiteet!$C$93*100/Toimenpiteet!$C$95*E$19,Toimenpiteet!$C$93*100/Toimenpiteet!$C$95*Toimenpiteet!$C$95) -> 0.3 | F28: =IF(F$19<Toimenpiteet!$C$95,Toimenpiteet!$C$93*100/Toimenpiteet!$C$95*F$19,Toimenpiteet!$C$93*100/Toimenpiteet!$C$95*Toimenpiteet!$C$95) -> 0.4 | G28: =IF(G$19<Toimenpiteet!$C$95,Toimenpiteet!$C$93*100/Toimenpiteet!$C$95*G$19,Toimenpiteet!$C$93*100/Toimenpiteet!$C$95*Toimenpiteet!$C$95) -> 0.5 | H28: =IF(H$19<Toimenpiteet!$C$95,Toimenpiteet!$C$93*100/Toimenpiteet!$C$95*H$19,Toimenpiteet!$C$93*100/Toimenpiteet!$C$95*Toimenpiteet!$C$95) -> 0.6 | I28: =IF(I$19<Toimenpiteet!$C$95,Toimenpiteet!$C$93*100/Toimenpiteet!$C$95*I$19,Toimenpiteet!$C$93*100/Toimenpiteet!$C$95*Toimenpiteet!$C$95) -> 0.7 | J28: =IF(J$19<Toimenpiteet!$C$95,Toimenpiteet!$C$93*100/Toimenpiteet!$C$95*J$19,Toimenpiteet!$C$93*100/Toimenpiteet!$C$95*Toimenpiteet!$C$95) -> 0.8 | ... AA28: =IF(AA$19<Toimenpiteet!$C$95,Toimenpiteet!$C$93*100/Toimenpiteet!$C$95*AA$19,Toimenpiteet!$C$93*100/Toimenpiteet!$C$95*Toimenpiteet!$C$95) -> 1 | BI28: =HF75 -> 0.077777778 | BJ28: =_xlfn.XLOOKUP($BI$13,$IG$61:$JE$61,IG191:JE191) -> 1163.5995 | BK28: =_xlfn.XLOOKUP($BI$13,$IG$61:$JE$61,IG201:JE201) -> 1854.1845 | BL28: =_xlfn.XLOOKUP($BI$13,$IG$61:$JE$61,IG211:JE211) -> 2544.7696 | BM28: =_xlfn.XLOOKUP($BI$13,$IG$61:$JE$61,IG221:JE221) -> 3235.3546 | BN28: =_xlfn.XLOOKUP($BI$13,$IG$61:$JE$61,IG231:JE231) -> 3925.9396 | BO28: =_xlfn.XLOOKUP($BI$13,$IG$61:$JE$61,IG241:JE241) -> 4616.5247 | BP28: =_xlfn.XLOOKUP($BI$13,$IG$61:$JE$61,IG251:JE251) -> 5307.1097 | BQ28: =_xlfn.XLOOKUP($BI$13,$IG$61:$JE$61,IG261:JE261) -> 5997.6948 | BR28: =_xlfn.XLOOKUP($BI$13,$IG$61:$JE$61,IG271:JE271) -> 6688.2798 | BS28: =_xlfn.XLOOKUP($BI$13,$IG$61:$JE$61,IG281:JE281) -> 7378.8649
C29: =IF(COUNTIF($C$11:C11,"x")=0,0,_xlfn.XLOOKUP(COUNTIF($C$11:C11,"x"),$C$19:$AA$19,$C$28:$AA$28)) -> 0 | D29: =IF(COUNTIF($C$11:D11,"x")=0,0,_xlfn.XLOOKUP(COUNTIF($C$11:D11,"x"),$C$19:$AA$19,$C$28:$AA$28)) -> 0 | E29: =IF(COUNTIF($C$11:E11,"x")=0,0,_xlfn.XLOOKUP(COUNTIF($C$11:E11,"x"),$C$19:$AA$19,$C$28:$AA$28)) -> 0 | F29: =IF(COUNTIF($C$11:F11,"x")=0,0,_xlfn.XLOOKUP(COUNTIF($C$11:F11,"x"),$C$19:$AA$19,$C$28:$AA$28)) -> 0 | G29: =IF(COUNTIF($C$11:G11,"x")=0,0,_xlfn.XLOOKUP(COUNTIF($C$11:G11,"x"),$C$19:$AA$19,$C$28:$AA$28)) -> 0 | H29: =IF(COUNTIF($C$11:H11,"x")=0,0,_xlfn.XLOOKUP(COUNTIF($C$11:H11,"x"),$C$19:$AA$19,$C$28:$AA$28)) -> 0 | I29: =IF(COUNTIF($C$11:I11,"x")=0,0,_xlfn.XLOOKUP(COUNTIF($C$11:I11,"x"),$C$19:$AA$19,$C$28:$AA$28)) -> 0 | J29: =IF(COUNTIF($C$11:J11,"x")=0,0,_xlfn.XLOOKUP(COUNTIF($C$11:J11,"x"),$C$19:$AA$19,$C$28:$AA$28)) -> 0 | ... AA29: =IF(COUNTIF($C$11:AA11,"x")=0,0,_xlfn.XLOOKUP(COUNTIF($C$11:AA11,"x"),$C$19:$AA$19,$C$28:$AA$28)) -> 0 | BI29: =HF76 -> 0.1 | BJ29: =_xlfn.XLOOKUP($BI$13,$IG$61:$JE$61,IG192:JE192) -> 1198.4742 | BK29: =_xlfn.XLOOKUP($BI$13,$IG$61:$JE$61,IG202:JE202) -> 1896.8092 | BL29: =_xlfn.XLOOKUP($BI$13,$IG$61:$JE$61,IG212:JE212) -> 2595.1442 | BM29: =_xlfn.XLOOKUP($BI$13,$IG$61:$JE$61,IG222:JE222) -> 3293.4792 | BN29: =_xlfn.XLOOKUP($BI$13,$IG$61:$JE$61,IG232:JE232) -> 3991.8142 | BO29: =_xlfn.XLOOKUP($BI$13,$IG$61:$JE$61,IG242:JE242) -> 4690.1492 | BP29: =_xlfn.XLOOKUP($BI$13,$IG$61:$JE$61,IG252:JE252) -> 5388.4842 | BQ29: =_xlfn.XLOOKUP($BI$13,$IG$61:$JE$61,IG262:JE262) -> 6086.8192 | BR29: =_xlfn.XLOOKUP($BI$13,$IG$61:$JE$61,IG272:JE272) -> 6785.1542 | BS29: =_xlfn.XLOOKUP($BI$13,$IG$61:$JE$61,IG282:JE282) -> 7483.4892
B30: Kokonaisvaikutus | C30: =SUM(C23+C25+C27+C29)/100 -> 0.007 | D30: =SUM(D23+D25+D27+D29)/100 -> 0.014 | E30: =SUM(E23+E25+E27+E29)/100 -> 0.021 | F30: =SUM(F23+F25+F27+F29)/100 -> 0.028 | G30: =SUM(G23+G25+G27+G29)/100 -> 0.035 | H30: =SUM(H23+H25+H27+H29)/100 -> 0.035 | I30: =SUM(I23+I25+I27+I29)/100 -> 0.035 | J30: =SUM(J23+J25+J27+J29)/100 -> 0.035 | ... AA30: =SUM(AA23+AA25+AA27+AA29)/100 -> 0.035
B32: Vaikutus epäonnistumisen todennäköisyyteen
B33: Kevennetty muokkaus tai suorakylvö | C33: =IF(C$19<Toimenpiteet!$C$10,Toimenpiteet!$C$9*100/Toimenpiteet!$C$10*C$19,Toimenpiteet!$C$9*100/Toimenpiteet!$C$10*Toimenpiteet!$C$10) -> 0 | D33: =IF(D$19<Toimenpiteet!$C$10,Toimenpiteet!$C$9*100/Toimenpiteet!$C$10*D$19,Toimenpiteet!$C$9*100/Toimenpiteet!$C$10*Toimenpiteet!$C$10) -> 0 | E33: =IF(E$19<Toimenpiteet!$C$10,Toimenpiteet!$C$9*100/Toimenpiteet!$C$10*E$19,Toimenpiteet!$C$9*100/Toimenpiteet!$C$10*Toimenpiteet!$C$10) -> 0 | F33: =IF(F$19<Toimenpiteet!$C$10,Toimenpiteet!$C$9*100/Toimenpiteet!$C$10*F$19,Toimenpiteet!$C$9*100/Toimenpiteet!$C$10*Toimenpiteet!$C$10) -> 0 | G33: =IF(G$19<Toimenpiteet!$C$10,Toimenpiteet!$C$9*100/Toimenpiteet!$C$10*G$19,Toimenpiteet!$C$9*100/Toimenpiteet!$C$10*Toimenpiteet!$C$10) -> 0 | H33: =IF(H$19<Toimenpiteet!$C$10,Toimenpiteet!$C$9*100/Toimenpiteet!$C$10*H$19,Toimenpiteet!$C$9*100/Toimenpiteet!$C$10*Toimenpiteet!$C$10) -> 0 | I33: =IF(I$19<Toimenpiteet!$C$10,Toimenpiteet!$C$9*100/Toimenpiteet!$C$10*I$19,Toimenpiteet!$C$9*100/Toimenpiteet!$C$10*Toimenpiteet!$C$10) -> 0 | J33: =IF(J$19<Toimenpiteet!$C$10,Toimenpiteet!$C$9*100/Toimenpiteet!$C$10*J$19,Toimenpiteet!$C$9*100/Toimenpiteet!$C$10*Toimenpiteet!$C$10) -> 0 | ... AA33: =IF(AA$19<Toimenpiteet!$C$10,Toimenpiteet!$C$9*100/Toimenpiteet!$C$10*AA$19,Toimenpiteet!$C$9*100/Toimenpiteet!$C$10*Toimenpiteet!$C$10) -> 0
C34: =IF(COUNTIF($C$8:C8,"x")=0,0,_xlfn.XLOOKUP(COUNTIF($C$8:C8,"x"),$C$19:$AA$19,$C$33:$AA$33)) -> 0 | D34: =IF(COUNTIF($C$8:D8,"x")=0,0,_xlfn.XLOOKUP(COUNTIF($C$8:D8,"x"),$C$19:$AA$19,$C$33:$AA$33)) -> 0 | E34: =IF(COUNTIF($C$8:E8,"x")=0,0,_xlfn.XLOOKUP(COUNTIF($C$8:E8,"x"),$C$19:$AA$19,$C$33:$AA$33)) -> 0 | F34: =IF(COUNTIF($C$8:F8,"x")=0,0,_xlfn.XLOOKUP(COUNTIF($C$8:F8,"x"),$C$19:$AA$19,$C$33:$AA$33)) -> 0 | G34: =IF(COUNTIF($C$8:G8,"x")=0,0,_xlfn.XLOOKUP(COUNTIF($C$8:G8,"x"),$C$19:$AA$19,$C$33:$AA$33)) -> 0 | H34: =IF(COUNTIF($C$8:H8,"x")=0,0,_xlfn.XLOOKUP(COUNTIF($C$8:H8,"x"),$C$19:$AA$19,$C$33:$AA$33)) -> 0 | I34: =IF(COUNTIF($C$8:I8,"x")=0,0,_xlfn.XLOOKUP(COUNTIF($C$8:I8,"x"),$C$19:$AA$19,$C$33:$AA$33)) -> 0 | J34: =IF(COUNTIF($C$8:J8,"x")=0,0,_xlfn.XLOOKUP(COUNTIF($C$8:J8,"x"),$C$19:$AA$19,$C$33:$AA$33)) -> 0 | ... AA34: =IF(COUNTIF($C$8:AA8,"x")=0,0,_xlfn.XLOOKUP(COUNTIF($C$8:AA8,"x"),$C$19:$AA$19,$C$33:$AA$33)) -> 0
B35: Alus- ja kerääjäkasvit | C35: =IF(C$19<Toimenpiteet!$C$37,Toimenpiteet!$C$36*100/Toimenpiteet!$C$37*C$19,Toimenpiteet!$C$36*100/Toimenpiteet!$C$37*Toimenpiteet!$C$37) -> 0 | D35: =IF(D$19<Toimenpiteet!$C$37,Toimenpiteet!$C$36*100/Toimenpiteet!$C$37*D$19,Toimenpiteet!$C$36*100/Toimenpiteet!$C$37*Toimenpiteet!$C$37) -> 0 | E35: =IF(E$19<Toimenpiteet!$C$37,Toimenpiteet!$C$36*100/Toimenpiteet!$C$37*E$19,Toimenpiteet!$C$36*100/Toimenpiteet!$C$37*Toimenpiteet!$C$37) -> 0 | F35: =IF(F$19<Toimenpiteet!$C$37,Toimenpiteet!$C$36*100/Toimenpiteet!$C$37*F$19,Toimenpiteet!$C$36*100/Toimenpiteet!$C$37*Toimenpiteet!$C$37) -> 0 | G35: =IF(G$19<Toimenpiteet!$C$37,Toimenpiteet!$C$36*100/Toimenpiteet!$C$37*G$19,Toimenpiteet!$C$36*100/Toimenpiteet!$C$37*Toimenpiteet!$C$37) -> 0 | H35: =IF(H$19<Toimenpiteet!$C$37,Toimenpiteet!$C$36*100/Toimenpiteet!$C$37*H$19,Toimenpiteet!$C$36*100/Toimenpiteet!$C$37*Toimenpiteet!$C$37) -> 0 | I35: =IF(I$19<Toimenpiteet!$C$37,Toimenpiteet!$C$36*100/Toimenpiteet!$C$37*I$19,Toimenpiteet!$C$36*100/Toimenpiteet!$C$37*Toimenpiteet!$C$37) -> 0 | J35: =IF(J$19<Toimenpiteet!$C$37,Toimenpiteet!$C$36*100/Toimenpiteet!$C$37*J$19,Toimenpiteet!$C$36*100/Toimenpiteet!$C$37*Toimenpiteet!$C$37) -> 0 | ... AA35: =IF(AA$19<Toimenpiteet!$C$37,Toimenpiteet!$C$36*100/Toimenpiteet!$C$37*AA$19,Toimenpiteet!$C$36*100/Toimenpiteet!$C$37*Toimenpiteet!$C$37) -> 0
C36: =IF(COUNTIF($C$9:C9,"x")=0,0,_xlfn.XLOOKUP(COUNTIF($C$9:C9,"x"),$C$19:$AA$19,$C$35:$AA$35)) -> 0 | D36: =IF(COUNTIF($C$9:D9,"x")=0,0,_xlfn.XLOOKUP(COUNTIF($C$9:D9,"x"),$C$19:$AA$19,$C$35:$AA$35)) -> 0 | E36: =IF(COUNTIF($C$9:E9,"x")=0,0,_xlfn.XLOOKUP(COUNTIF($C$9:E9,"x"),$C$19:$AA$19,$C$35:$AA$35)) -> 0 | F36: =IF(COUNTIF($C$9:F9,"x")=0,0,_xlfn.XLOOKUP(COUNTIF($C$9:F9,"x"),$C$19:$AA$19,$C$35:$AA$35)) -> 0 | G36: =IF(COUNTIF($C$9:G9,"x")=0,0,_xlfn.XLOOKUP(COUNTIF($C$9:G9,"x"),$C$19:$AA$19,$C$35:$AA$35)) -> 0 | H36: =IF(COUNTIF($C$9:H9,"x")=0,0,_xlfn.XLOOKUP(COUNTIF($C$9:H9,"x"),$C$19:$AA$19,$C$35:$AA$35)) -> 0 | I36: =IF(COUNTIF($C$9:I9,"x")=0,0,_xlfn.XLOOKUP(COUNTIF($C$9:I9,"x"),$C$19:$AA$19,$C$35:$AA$35)) -> 0 | J36: =IF(COUNTIF($C$9:J9,"x")=0,0,_xlfn.XLOOKUP(COUNTIF($C$9:J9,"x"),$C$19:$AA$19,$C$35:$AA$35)) -> 0 | ... AA36: =IF(COUNTIF($C$9:AA9,"x")=0,0,_xlfn.XLOOKUP(COUNTIF($C$9:AA9,"x"),$C$19:$AA$19,$C$35:$AA$35)) -> 0
B37: Lannanlevitys / Orgaaninen lannoite / Maanparannuskuitu | C37: =IF(C$19<Toimenpiteet!$C$67,Toimenpiteet!$C$66*100/Toimenpiteet!$C$67*C$19,Toimenpiteet!$C$66*100/Toimenpiteet!$C$67*Toimenpiteet!$C$67) -> 0 | D37: =IF(D$19<Toimenpiteet!$C$67,Toimenpiteet!$C$66*100/Toimenpiteet!$C$67*D$19,Toimenpiteet!$C$66*100/Toimenpiteet!$C$67*Toimenpiteet!$C$67) -> 0 | E37: =IF(E$19<Toimenpiteet!$C$67,Toimenpiteet!$C$66*100/Toimenpiteet!$C$67*E$19,Toimenpiteet!$C$66*100/Toimenpiteet!$C$67*Toimenpiteet!$C$67) -> 0 | F37: =IF(F$19<Toimenpiteet!$C$67,Toimenpiteet!$C$66*100/Toimenpiteet!$C$67*F$19,Toimenpiteet!$C$66*100/Toimenpiteet!$C$67*Toimenpiteet!$C$67) -> 0 | G37: =IF(G$19<Toimenpiteet!$C$67,Toimenpiteet!$C$66*100/Toimenpiteet!$C$67*G$19,Toimenpiteet!$C$66*100/Toimenpiteet!$C$67*Toimenpiteet!$C$67) -> 0 | H37: =IF(H$19<Toimenpiteet!$C$67,Toimenpiteet!$C$66*100/Toimenpiteet!$C$67*H$19,Toimenpiteet!$C$66*100/Toimenpiteet!$C$67*Toimenpiteet!$C$67) -> 0 | I37: =IF(I$19<Toimenpiteet!$C$67,Toimenpiteet!$C$66*100/Toimenpiteet!$C$67*I$19,Toimenpiteet!$C$66*100/Toimenpiteet!$C$67*Toimenpiteet!$C$67) -> 0 | J37: =IF(J$19<Toimenpiteet!$C$67,Toimenpiteet!$C$66*100/Toimenpiteet!$C$67*J$19,Toimenpiteet!$C$66*100/Toimenpiteet!$C$67*Toimenpiteet!$C$67) -> 0 | ... AA37: =IF(AA$19<Toimenpiteet!$C$67,Toimenpiteet!$C$66*100/Toimenpiteet!$C$67*AA$19,Toimenpiteet!$C$66*100/Toimenpiteet!$C$67*Toimenpiteet!$C$67) -> 0
C38: =IF(COUNTIF($C$10:C10,"x")=0,0,_xlfn.XLOOKUP(COUNTIF($C$10:C10,"x"),$C$19:$AA$19,$C$33:$AA$33)) -> 0 | D38: =IF(COUNTIF($C$10:D10,"x")=0,0,_xlfn.XLOOKUP(COUNTIF($C$10:D10,"x"),$C$19:$AA$19,$C$33:$AA$33)) -> 0 | E38: =IF(COUNTIF($C$10:E10,"x")=0,0,_xlfn.XLOOKUP(COUNTIF($C$10:E10,"x"),$C$19:$AA$19,$C$33:$AA$33)) -> 0 | F38: =IF(COUNTIF($C$10:F10,"x")=0,0,_xlfn.XLOOKUP(COUNTIF($C$10:F10,"x"),$C$19:$AA$19,$C$33:$AA$33)) -> 0 | G38: =IF(COUNTIF($C$10:G10,"x")=0,0,_xlfn.XLOOKUP(COUNTIF($C$10:G10,"x"),$C$19:$AA$19,$C$33:$AA$33)) -> 0 | H38: =IF(COUNTIF($C$10:H10,"x")=0,0,_xlfn.XLOOKUP(COUNTIF($C$10:H10,"x"),$C$19:$AA$19,$C$33:$AA$33)) -> 0 | I38: =IF(COUNTIF($C$10:I10,"x")=0,0,_xlfn.XLOOKUP(COUNTIF($C$10:I10,"x"),$C$19:$AA$19,$C$33:$AA$33)) -> 0 | J38: =IF(COUNTIF($C$10:J10,"x")=0,0,_xlfn.XLOOKUP(COUNTIF($C$10:J10,"x"),$C$19:$AA$19,$C$33:$AA$33)) -> 0 | ... AA38: =IF(COUNTIF($C$10:AA10,"x")=0,0,_xlfn.XLOOKUP(COUNTIF($C$10:AA10,"x"),$C$19:$AA$19,$C$33:$AA$33)) -> 0
B39: Viherlannoitus | C39: =IF(C$19<Toimenpiteet!$C$95,Toimenpiteet!$C$94*100/Toimenpiteet!$C$95*C$19,Toimenpiteet!$C$94*100/Toimenpiteet!$C$95*Toimenpiteet!$C$95) -> 0 | D39: =IF(D$19<Toimenpiteet!$C$95,Toimenpiteet!$C$94*100/Toimenpiteet!$C$95*D$19,Toimenpiteet!$C$94*100/Toimenpiteet!$C$95*Toimenpiteet!$C$95) -> 0 | E39: =IF(E$19<Toimenpiteet!$C$95,Toimenpiteet!$C$94*100/Toimenpiteet!$C$95*E$19,Toimenpiteet!$C$94*100/Toimenpiteet!$C$95*Toimenpiteet!$C$95) -> 0 | F39: =IF(F$19<Toimenpiteet!$C$95,Toimenpiteet!$C$94*100/Toimenpiteet!$C$95*F$19,Toimenpiteet!$C$94*100/Toimenpiteet!$C$95*Toimenpiteet!$C$95) -> 0 | G39: =IF(G$19<Toimenpiteet!$C$95,Toimenpiteet!$C$94*100/Toimenpiteet!$C$95*G$19,Toimenpiteet!$C$94*100/Toimenpiteet!$C$95*Toimenpiteet!$C$95) -> 0 | H39: =IF(H$19<Toimenpiteet!$C$95,Toimenpiteet!$C$94*100/Toimenpiteet!$C$95*H$19,Toimenpiteet!$C$94*100/Toimenpiteet!$C$95*Toimenpiteet!$C$95) -> 0 | I39: =IF(I$19<Toimenpiteet!$C$95,Toimenpiteet!$C$94*100/Toimenpiteet!$C$95*I$19,Toimenpiteet!$C$94*100/Toimenpiteet!$C$95*Toimenpiteet!$C$95) -> 0 | J39: =IF(J$19<Toimenpiteet!$C$95,Toimenpiteet!$C$94*100/Toimenpiteet!$C$95*J$19,Toimenpiteet!$C$94*100/Toimenpiteet!$C$95*Toimenpiteet!$C$95) -> 0 | ... AA39: =IF(AA$19<Toimenpiteet!$C$95,Toimenpiteet!$C$94*100/Toimenpiteet!$C$95*AA$19,Toimenpiteet!$C$94*100/Toimenpiteet!$C$95*Toimenpiteet!$C$95) -> 0
C40: =IF(COUNTIF($C$11:C11,"x")=0,0,_xlfn.XLOOKUP(COUNTIF($C$11:C11,"x"),$C$19:$AA$19,$C$33:$AA$33)) -> 0 | D40: =IF(COUNTIF($C$11:D11,"x")=0,0,_xlfn.XLOOKUP(COUNTIF($C$11:D11,"x"),$C$19:$AA$19,$C$33:$AA$33)) -> 0 | E40: =IF(COUNTIF($C$11:E11,"x")=0,0,_xlfn.XLOOKUP(COUNTIF($C$11:E11,"x"),$C$19:$AA$19,$C$33:$AA$33)) -> 0 | F40: =IF(COUNTIF($C$11:F11,"x")=0,0,_xlfn.XLOOKUP(COUNTIF($C$11:F11,"x"),$C$19:$AA$19,$C$33:$AA$33)) -> 0 | G40: =IF(COUNTIF($C$11:G11,"x")=0,0,_xlfn.XLOOKUP(COUNTIF($C$11:G11,"x"),$C$19:$AA$19,$C$33:$AA$33)) -> 0 | H40: =IF(COUNTIF($C$11:H11,"x")=0,0,_xlfn.XLOOKUP(COUNTIF($C$11:H11,"x"),$C$19:$AA$19,$C$33:$AA$33)) -> 0 | I40: =IF(COUNTIF($C$11:I11,"x")=0,0,_xlfn.XLOOKUP(COUNTIF($C$11:I11,"x"),$C$19:$AA$19,$C$33:$AA$33)) -> 0 | J40: =IF(COUNTIF($C$11:J11,"x")=0,0,_xlfn.XLOOKUP(COUNTIF($C$11:J11,"x"),$C$19:$AA$19,$C$33:$AA$33)) -> 0 | ... AA40: =IF(COUNTIF($C$11:AA11,"x")=0,0,_xlfn.XLOOKUP(COUNTIF($C$11:AA11,"x"),$C$19:$AA$19,$C$33:$AA$33)) -> 0
B41: Kokonaisvaikutus | C41: =IF(SUM(C34+C36+C38+C40)<=-100,-0.99,IF(SUM(C34+C36+C38+C40)>=100,0.99,SUM(C34+C36+C38+C40)/100)) -> 0 | D41: =IF(SUM(D34+D36+D38+D40)<=-100,-0.99,IF(SUM(D34+D36+D38+D40)>=100,0.99,SUM(D34+D36+D38+D40)/100)) -> 0 | E41: =IF(SUM(E34+E36+E38+E40)<=-100,-0.99,IF(SUM(E34+E36+E38+E40)>=100,0.99,SUM(E34+E36+E38+E40)/100)) -> 0 | F41: =IF(SUM(F34+F36+F38+F40)<=-100,-0.99,IF(SUM(F34+F36+F38+F40)>=100,0.99,SUM(F34+F36+F38+F40)/100)) -> 0 | G41: =IF(SUM(G34+G36+G38+G40)<=-100,-0.99,IF(SUM(G34+G36+G38+G40)>=100,0.99,SUM(G34+G36+G38+G40)/100)) -> 0 | H41: =IF(SUM(H34+H36+H38+H40)<=-100,-0.99,IF(SUM(H34+H36+H38+H40)>=100,0.99,SUM(H34+H36+H38+H40)/100)) -> 0 | I41: =IF(SUM(I34+I36+I38+I40)<=-100,-0.99,IF(SUM(I34+I36+I38+I40)>=100,0.99,SUM(I34+I36+I38+I40)/100)) -> 0 | J41: =IF(SUM(J34+J36+J38+J40)<=-100,-0.99,IF(SUM(J34+J36+J38+J40)>=100,0.99,SUM(J34+J36+J38+J40)/100)) -> 0 | ... AA41: =IF(SUM(AA34+AA36+AA38+AA40)<=-100,-0.99,IF(SUM(AA34+AA36+AA38+AA40)>=100,0.99,SUM(AA34+AA36+AA38+AA40)/100)) -> 0
B57: Simulointitaulukot
B59: Satotason todennäköisyyteen liittyvä satunnaisluku | AB59: Sato (ei toimenpiteitä) | BB59: Sato (toimenpiteitä tehty) | CB59: Hinta €/1000kg | DB59: Katetuotto (ei toimenpiteitä) | EB59: Katetuotto (toimenpiteitä tehty) | FB59: Kumulatiivinen katetuotto (ei toimenpiteitä) | GB59: Kumlatiivinen katetuotto (toimenpiteitä tehty) | HB59: Toimenpiteiden kannattavuus tietyltä ajanjaksolta | HE59: Pitkän ja lyhyen aikavälin vaikutuskertoimien vertailu | IG59: Kumulatiiviset katetuotot eri kertoimien arvoilla
B60: Vuosi | AB60: Vuosi | BB60: Vuosi | CB60: Vuosi | DB60: Vuosi | EB60: Vuosi | FB60: Vuosi | GB60: Vuosi | HG60: Vuosi | IG60: Vuosi
B61: 1 | C61: 2 | D61: 3 | E61: 4 | F61: 5 | G61: 6 | H61: 7 | I61: 8 | J61: 9 | K61: 10 | L61: 11 | M61: 12 | N61: 13 | O61: 14 | P61: 15 | Q61: 16 | R61: 17 | S61: 18 | T61: 19 | U61: 20 | V61: 21 | W61: 22 | X61: 23 | Y61: 24 | Z61: 25 | AB61: 1 | AC61: 2 | AD61: 3 | AE61: 4 | AF61: 5 | AG61: 6 | AH61: 7 | AI61: 8 | AJ61: 9 | AK61: 10 | AL61: 11 | AM61: 12 | AN61: 13 | AO61: 14 | AP61: 15 | AQ61: 16 | AR61: 17 | AS61: 18 | AT61: 19 | AU61: 20 | AV61: 21 | AW61: 22 | AX61: 23 | AY61: 24 | AZ61: 25 | BB61: 1 | BC61: 2 | BD61: 3 | BE61: 4 | BF61: 5 | BG61: 6 | BH61: 7 | BI61: 8 | BJ61: 9 | BK61: 10 | BL61: 11 | BM61: 12 | BN61: 13 | BO61: 14 | BP61: 15 | BQ61: 16 | BR61: 17 | BS61: 18 | BT61: 19 | BU61: 20 | BV61: 21 | BW61: 22 | BX61: 23 | BY61: 24 | BZ61: 25 | CB61: 1 | CC61: 2 | CD61: 3 | CE61: 4 | CF61: 5 | CG61: 6 | CH61: 7 | CI61: 8 | CJ61: 9 | CK61: 10 | CL61: 11 | CM61: 12 | CN61: 13 | CO61: 14 | CP61: 15 | CQ61: 16 | CR61: 17 | CS61: 18 | CT61: 19 | CU61: 20 | CV61: 21 | CW61: 22 | CX61: 23 | CY61: 24 | CZ61: 25 | DB61: 1 | DC61: 2 | DD61: 3 | DE61: 4 | DF61: 5 | DG61: 6 | DH61: 7 | DI61: 8 | DJ61: 9 | DK61: 10 | DL61: 11 | DM61: 12 | DN61: 13 | DO61: 14 | DP61: 15 | DQ61: 16 | DR61: 17 | DS61: 18 | DT61: 19 | DU61: 20 | DV61: 21 | DW61: 22 | DX61: 23 | DY61: 24 | DZ61: 25 | EB61: 1 | EC61: 2 | ED61: 3 | EE61: 4 | EF61: 5 | EG61: 6 | EH61: 7 | EI61: 8 | EJ61: 9 | EK61: 10 | EL61: 11 | EM61: 12 | EN61: 13 | EO61: 14 | EP61: 15 | EQ61: 16 | ER61: 17 | ES61: 18 | ET61: 19 | EU61: 20 | EV61: 21 | EW61: 22 | EX61: 23 | EY61: 24 | EZ61: 25 | FB61: 1 | FC61: 2 | FD61: 3 | FE61: 4 | FF61: 5 | FG61: 6 | FH61: 7 | FI61: 8 | FJ61: 9 | FK61: 10 | FL61: 11 | FM61: 12 | FN61: 13 | FO61: 14 | FP61: 15 | FQ61: 16 | FR61: 17 | FS61: 18 | FT61: 19 | FU61: 20 | FV61: 21 | FW61: 22 | FX61: 23 | FY61: 24 | FZ61: 25 | GB61: 1 | GC61: 2 | GD61: 3 | GE61: 4 | GF61: 5 | GG61: 6 | GH61: 7 | GI61: 8 | GJ61: 9 | GK61: 10 | GL61: 11 | GM61: 12 | GN61: 13 | GO61: 14 | GP61: 15 | GQ61: 16 | GR61: 17 | GS61: 18 | GT61: 19 | GU61: 20 | GV61: 21 | GW61: 22 | GX61: 23 | GY61: 24 | GZ61: 25 | HB61: Kumulatiivinen katetuotto (ei toimenpiteitä) | HC61: Kumulatiivinen katetuotto (toimenpiteitä tehty) | HG61: 1 | HH61: 2 | HI61: 3 | HJ61: 4 | HK61: 5 | HL61: 6 | HM61: 7 | HN61: 8 | HO61: 9 | HP61: 10 | HQ61: 11 | HR61: 12 | HS61: 13 | HT61: 14 | HU61: 15 | HV61: 16 | HW61: 17 | HX61: 18 | HY61: 19 | HZ61: 20 | IA61: 21 | IB61: 22 | IC61: 23 | ID61: 24 | IE61: 25 | IG61: 1 | IH61: 2 | II61: 3 | IJ61: 4 | IK61: 5 | IL61: 6 | IM61: 7 | IN61: 8 | IO61: 9 | IP61: 10 | IQ61: 11 | IR61: 12 | IS61: 13 | IT61: 14 | IU61: 15 | IV61: 16 | IW61: 17 | IX61: 18 | IY61: 19 | IZ61: 20 | JA61: 21 | JB61: 22 | JC61: 23 | JD61: 24 | JE61: 25
B62: =RAND() -> 0.46033521 | C62: =RAND() -> 0.3069745 | D62: =RAND() -> 0.57059634 | E62: =RAND() -> 0.36433708 | F62: =RAND() -> 0.4459913 | G62: =RAND() -> 0.49793852 | H62: =RAND() -> 0.863738 | I62: =RAND() -> 0.37401629 | ... Z62: =RAND() -> 0.735696 | AB62: =_xlfn.NORM.INV(B62,Satokasvi!$H$8,Satokasvi!$I$8)*_xlfn.BINOM.INV(1,(1-Satokasvi!$H$15),B62) -> 3475.1027 | AC62: =_xlfn.NORM.INV(C62,Satokasvi!$H$8,Satokasvi!$I$8)*_xlfn.BINOM.INV(1,(1-Satokasvi!$H$15),C62) -> 3373.8889 | AD62: =_xlfn.NORM.INV(D62,Satokasvi!$H$8,Satokasvi!$I$8)*_xlfn.BINOM.INV(1,(1-Satokasvi!$H$15),D62) -> 3544.4732 | AE62: =_xlfn.NORM.INV(E62,Satokasvi!$H$8,Satokasvi!$I$8)*_xlfn.BINOM.INV(1,(1-Satokasvi!$H$15),E62) -> 3413.2776 | AF62: =_xlfn.NORM.INV(F62,Satokasvi!$H$8,Satokasvi!$I$8)*_xlfn.BINOM.INV(1,(1-Satokasvi!$H$15),F62) -> 3466.051 | AG62: =_xlfn.NORM.INV(G62,Satokasvi!$H$8,Satokasvi!$I$8)*_xlfn.BINOM.INV(1,(1-Satokasvi!$H$15),G62) -> 3498.7082 | AH62: =_xlfn.NORM.INV(H62,Satokasvi!$H$8,Satokasvi!$I$8)*_xlfn.BINOM.INV(1,(1-Satokasvi!$H$15),H62) -> 3774.3171 | AI62: =_xlfn.NORM.INV(I62,Satokasvi!$H$8,Satokasvi!$I$8)*_xlfn.BINOM.INV(1,(1-Satokasvi!$H$15),I62) -> 3419.6913 | ... AZ62: =_xlfn.NORM.INV(Z62,Satokasvi!$H$8,Satokasvi!$I$8)*_xlfn.BINOM.INV(1,(1-Satokasvi!$H$15),Z62) -> 3657.5331 | BB62: =IF(C$11="x",0,_xlfn.NORM.INV(B62,Satokasvi!$H$8,Satokasvi!$I$8)*IF(C$8="x",(1+Toimenpiteet!$C$7),1)*IF(C$9="x",(1+Toimenpiteet!$C$34),1)*(1+C$30)*_xlfn.BINOM.INV(1,(1-(Satokasvi!$H$15*(1+C$41))),B62)) -> 2519.5884 | BC62: =IF(D$11="x",0,_xlfn.NORM.INV(C62,Satokasvi!$H$8,Satokasvi!$I$8)*IF(D$8="x",(1+Toimenpiteet!$C$7),1)*IF(D$9="x",(1+Toimenpiteet!$C$34),1)*(1+D$30)*_xlfn.BINOM.INV(1,(1-(Satokasvi!$H$15*(1+D$41))),C62)) -> 2463.2088 | BD62: =IF(E$11="x",0,_xlfn.NORM.INV(D62,Satokasvi!$H$8,Satokasvi!$I$8)*IF(E$8="x",(1+Toimenpiteet!$C$7),1)*IF(E$9="x",(1+Toimenpiteet!$C$34),1)*(1+E$30)*_xlfn.BINOM.INV(1,(1-(Satokasvi!$H$15*(1+E$41))),D62)) -> 2605.6131 | BE62: =IF(F$11="x",0,_xlfn.NORM.INV(E62,Satokasvi!$H$8,Satokasvi!$I$8)*IF(F$8="x",(1+Toimenpiteet!$C$7),1)*IF(F$9="x",(1+Toimenpiteet!$C$34),1)*(1+F$30)*_xlfn.BINOM.INV(1,(1-(Satokasvi!$H$15*(1+F$41))),E62)) -> 2526.3715 | BF62: =IF(G$11="x",0,_xlfn.NORM.INV(F62,Satokasvi!$H$8,Satokasvi!$I$8)*IF(G$8="x",(1+Toimenpiteet!$C$7),1)*IF(G$9="x",(1+Toimenpiteet!$C$34),1)*(1+G$30)*_xlfn.BINOM.INV(1,(1-(Satokasvi!$H$15*(1+G$41))),F62)) -> 2582.9012 | BG62: =IF(H$11="x",0,_xlfn.NORM.INV(G62,Satokasvi!$H$8,Satokasvi!$I$8)*IF(H$8="x",(1+Toimenpiteet!$C$7),1)*IF(H$9="x",(1+Toimenpiteet!$C$34),1)*(1+H$30)*_xlfn.BINOM.INV(1,(1-(Satokasvi!$H$15*(1+H$41))),G62)) -> 2607.2373 | BH62: =IF(I$11="x",0,_xlfn.NORM.INV(H62,Satokasvi!$H$8,Satokasvi!$I$8)*IF(I$8="x",(1+Toimenpiteet!$C$7),1)*IF(I$9="x",(1+Toimenpiteet!$C$34),1)*(1+I$30)*_xlfn.BINOM.INV(1,(1-(Satokasvi!$H$15*(1+I$41))),H62)) -> 2812.6211 | BI62: =IF(J$11="x",0,_xlfn.NORM.INV(I62,Satokasvi!$H$8,Satokasvi!$I$8)*IF(J$8="x",(1+Toimenpiteet!$C$7),1)*IF(J$9="x",(1+Toimenpiteet!$C$34),1)*(1+J$30)*_xlfn.BINOM.INV(1,(1-(Satokasvi!$H$15*(1+J$41))),I62)) -> 2548.354 | ... BZ62: =IF(AA$11="x",0,_xlfn.NORM.INV(Z62,Satokasvi!$H$8,Satokasvi!$I$8)*IF(AA$8="x",(1+Toimenpiteet!$C$7),1)*IF(AA$9="x",(1+Toimenpiteet!$C$34),1)*(1+AA$30)*_xlfn.BINOM.INV(1,(1-(Satokasvi!$H$15*(1+AA$41))),Z62)) -> 2725.5937 | CB62: =_xlfn.NORM.INV(RAND(),Satokasvi!$H$13,Satokasvi!$I$13) -> 236.18004 | CC62: =_xlfn.NORM.INV(RAND(),Satokasvi!$H$13,Satokasvi!$I$13) -> 97.231762 | CD62: =_xlfn.NORM.INV(RAND(),Satokasvi!$H$13,Satokasvi!$I$13) -> 264.65748 | CE62: =_xlfn.NORM.INV(RAND(),Satokasvi!$H$13,Satokasvi!$I$13) -> 181.03286 | CF62: =_xlfn.NORM.INV(RAND(),Satokasvi!$H$13,Satokasvi!$I$13) -> 242.0971 | CG62: =_xlfn.NORM.INV(RAND(),Satokasvi!$H$13,Satokasvi!$I$13) -> 250.3787 | CH62: =_xlfn.NORM.INV(RAND(),Satokasvi!$H$13,Satokasvi!$I$13) -> 139.2285 | CI62: =_xlfn.NORM.INV(RAND(),Satokasvi!$H$13,Satokasvi!$I$13) -> 231.76154 | ... CZ62: =_xlfn.NORM.INV(RAND(),Satokasvi!$H$13,Satokasvi!$I$13) -> 210.55764 | DB62: =(AB62*(CB62/1000)+(Satokasvi!$E$28-Satokasvi!$E$7))/(1+$C$13)^DB$61 -> 446.3591 | DC62: =(AC62*(CC62/1000)+(Satokasvi!$E$28-Satokasvi!$E$7))/(1+$C$13)^DC$61 -> -31.059329 | DD62: =(AD62*(CD62/1000)+(Satokasvi!$E$28-Satokasvi!$E$7))/(1+$C$13)^DD$61 -> 528.10202 | DE62: =(AE62*(CE62/1000)+(Satokasvi!$E$28-Satokasvi!$E$7))/(1+$C$13)^DE$61 -> 228.26601 | DF62: =(AF62*(CF62/1000)+(Satokasvi!$E$28-Satokasvi!$E$7))/(1+$C$13)^DF$61 -> 412.43129 | DG62: =(AG62*(CG62/1000)+(Satokasvi!$E$28-Satokasvi!$E$7))/(1+$C$13)^DG$61 -> 431.30605 | DH62: =(AH62*(CH62/1000)+(Satokasvi!$E$28-Satokasvi!$E$7))/(1+$C$13)^DH$61 -> 133.74746 | DI62: =(AI62*(CI62/1000)+(Satokasvi!$E$28-Satokasvi!$E$7))/(1+$C$13)^DI$61 -> 340.67186 | ... DZ62: =(AZ62*(CZ62/1000)+(Satokasvi!$E$28-Satokasvi!$E$7))/(1+$C$13)^DZ$61 -> 195.39872 | EB62: =IF(C$11="x",Toimenpiteet!$E$115,BB62*(CB62/1000)+(Satokasvi!$E$28-Satokasvi!$E$7)+IF(C$8="x",Toimenpiteet!$E$29,0)+IF(C$9="x",Toimenpiteet!$E$60,0)+IF(C$10="x",Toimenpiteet!$E$88,0))/(1+$C$13)^EB$61 -> 356.48203 | EC62: =IF(D$11="x",Toimenpiteet!$E$115,BC62*(CC62/1000)+(Satokasvi!$E$28-Satokasvi!$E$7)+IF(D$8="x",Toimenpiteet!$E$29,0)+IF(D$9="x",Toimenpiteet!$E$60,0)+IF(D$10="x",Toimenpiteet!$E$88,0))/(1+$C$13)^EC$61 -> 10.936119 | ED62: =IF(E$11="x",Toimenpiteet!$E$115,BD62*(CD62/1000)+(Satokasvi!$E$28-Satokasvi!$E$7)+IF(E$8="x",Toimenpiteet!$E$29,0)+IF(E$9="x",Toimenpiteet!$E$60,0)+IF(E$10="x",Toimenpiteet!$E$88,0))/(1+$C$13)^ED$61 -> 422.51633 | EE62: =IF(F$11="x",Toimenpiteet!$E$115,BE62*(CE62/1000)+(Satokasvi!$E$28-Satokasvi!$E$7)+IF(F$8="x",Toimenpiteet!$E$29,0)+IF(F$9="x",Toimenpiteet!$E$60,0)+IF(F$10="x",Toimenpiteet!$E$88,0))/(1+$C$13)^EE$61 -> 203.86892 | EF62: =IF(G$11="x",Toimenpiteet!$E$115,BF62*(CF62/1000)+(Satokasvi!$E$28-Satokasvi!$E$7)+IF(G$8="x",Toimenpiteet!$E$29,0)+IF(G$9="x",Toimenpiteet!$E$60,0)+IF(G$10="x",Toimenpiteet!$E$88,0))/(1+$C$13)^EF$61 -> 342.81185 | EG62: =IF(H$11="x",Toimenpiteet!$E$115,BG62*(CG62/1000)+(Satokasvi!$E$28-Satokasvi!$E$7)+IF(H$8="x",Toimenpiteet!$E$29,0)+IF(H$9="x",Toimenpiteet!$E$60,0)+IF(H$10="x",Toimenpiteet!$E$88,0))/(1+$C$13)^EG$61 -> 355.84428 | EH62: =IF(I$11="x",Toimenpiteet!$E$115,BH62*(CH62/1000)+(Satokasvi!$E$28-Satokasvi!$E$7)+IF(I$8="x",Toimenpiteet!$E$29,0)+IF(I$9="x",Toimenpiteet!$E$60,0)+IF(I$10="x",Toimenpiteet!$E$88,0))/(1+$C$13)^EH$61 -> 133.10066 | EI62: =IF(J$11="x",Toimenpiteet!$E$115,BI62*(CI62/1000)+(Satokasvi!$E$28-Satokasvi!$E$7)+IF(J$8="x",Toimenpiteet!$E$29,0)+IF(J$9="x",Toimenpiteet!$E$60,0)+IF(J$10="x",Toimenpiteet!$E$88,0))/(1+$C$13)^EI$61 -> 286.32697 | ... EZ62: =IF(AA$11="x",Toimenpiteet!$E$115,BZ62*(CZ62/1000)+(Satokasvi!$E$28-Satokasvi!$E$7)+IF(AA$8="x",Toimenpiteet!$E$29,0)+IF(AA$9="x",Toimenpiteet!$E$60,0)+IF(AA$10="x",Toimenpiteet!$E$88,0))/(1+$C$13)^EZ$61 -> 165.24893 | FB62: =DB62 -> 446.3591 | FC62: =FB62+DC62 -> 415.29977 | FD62: =FC62+DD62 -> 943.40179 | FE62: =FD62+DE62 -> 1171.6678 | FF62: =FE62+DF62 -> 1584.0991 | FG62: =FF62+DG62 -> 2015.4051 | FH62: =FG62+DH62 -> 2149.1526 | FI62: =FH62+DI62 -> 2489.8245 | FJ62: =FI62+DJ62 -> 2213.148 | ... FZ62: =FY62+DZ62 -> 6247.0438 | GB62: =EB62 -> 356.48203 | GC62: =GB62+EC62 -> 367.41815 | GD62: =GC62+ED62 -> 789.93448 | GE62: =GD62+EE62 -> 993.8034 | GF62: =GE62+EF62 -> 1336.6152 | GG62: =GF62+EG62 -> 1692.4595 | GH62: =GG62+EH62 -> 1825.5602 | GI62: =GH62+EI62 -> 2111.8872 | GJ62: =GI62+EJ62 -> 1937.2208 | ... GZ62: =GY62+EZ62 -> 5339.1168 | HB62: =_xlfn.XLOOKUP($BE$18,$FB$61:$FZ$61,FB62:FZ62) -> 2493.5145 | HC62: =_xlfn.XLOOKUP($BE$18,$GB$61:$GZ$61,GB62:GZ62) -> 2176.7449 | HE62: Odotettu katetuotto (ei toimenpiteitä) | HG62: =(Satokasvi!$E$28)/(1+$C$13)^HG$61 -> 329.12621 | HH62: =(Satokasvi!$E$28)/(1+$C$13)^HH$61 -> 319.54001 | HI62: =(Satokasvi!$E$28)/(1+$C$13)^HI$61 -> 310.23302 | HJ62: =(Satokasvi!$E$28)/(1+$C$13)^HJ$61 -> 301.19711 | HK62: =(Satokasvi!$E$28)/(1+$C$13)^HK$61 -> 292.42438 | HL62: =(Satokasvi!$E$28)/(1+$C$13)^HL$61 -> 283.90716 | HM62: =(Satokasvi!$E$28)/(1+$C$13)^HM$61 -> 275.63802 | HN62: =(Satokasvi!$E$28)/(1+$C$13)^HN$61 -> 267.60973 | ... IE62: =(Satokasvi!$E$28)/(1+$C$13)^IE$61 -> 161.90829 | IG62: =HG62 -> 329.12621 | IH62: =IG62+HH62 -> 648.66623 | II62: =IH62+HI62 -> 958.89925 | IJ62: =II62+HJ62 -> 1260.0964 | IK62: =IJ62+HK62 -> 1552.5207 | IL62: =IK62+HL62 -> 1836.4279 | IM62: =IL62+HM62 -> 2112.0659 | IN62: =IM62+HN62 -> 2379.6757 | IO62: =IN62+HO62 -> 2639.4909 | ... JE62: =JD62+IE62 -> 5903.0571
B63: =RAND() -> 0.53330823 | C63: =RAND() -> 0.42726357 | D63: =RAND() -> 0.69444449 | E63: =RAND() -> 0.18737101 | F63: =RAND() -> 0.78104201 | G63: =RAND() -> 0.018796384 | H63: =RAND() -> 0.25181057 | I63: =RAND() -> 0.48951863 | ... Z63: =RAND() -> 0.45998656 | AB63: =_xlfn.NORM.INV(B63,Satokasvi!$H$8,Satokasvi!$I$8)*_xlfn.BINOM.INV(1,(1-Satokasvi!$H$15),B63) -> 3520.8971 | AC63: =_xlfn.NORM.INV(C63,Satokasvi!$H$8,Satokasvi!$I$8)*_xlfn.BINOM.INV(1,(1-Satokasvi!$H$15),C63) -> 3454.1637 | AD63: =_xlfn.NORM.INV(D63,Satokasvi!$H$8,Satokasvi!$I$8)*_xlfn.BINOM.INV(1,(1-Satokasvi!$H$15),D63) -> 3627.122 | AE63: =_xlfn.NORM.INV(E63,Satokasvi!$H$8,Satokasvi!$I$8)*_xlfn.BINOM.INV(1,(1-Satokasvi!$H$15),E63) -> 3278.0935 | AF63: =_xlfn.NORM.INV(F63,Satokasvi!$H$8,Satokasvi!$I$8)*_xlfn.BINOM.INV(1,(1-Satokasvi!$H$15),F63) -> 3693.9293 | AG63: =_xlfn.NORM.INV(G63,Satokasvi!$H$8,Satokasvi!$I$8)*_xlfn.BINOM.INV(1,(1-Satokasvi!$H$15),G63) -> 0 | AH63: =_xlfn.NORM.INV(H63,Satokasvi!$H$8,Satokasvi!$I$8)*_xlfn.BINOM.INV(1,(1-Satokasvi!$H$15),H63) -> 3332.7992 | AI63: =_xlfn.NORM.INV(I63,Satokasvi!$H$8,Satokasvi!$I$8)*_xlfn.BINOM.INV(1,(1-Satokasvi!$H$15),I63) -> 3493.431 | ... AZ63: =_xlfn.NORM.INV(Z63,Satokasvi!$H$8,Satokasvi!$I$8)*_xlfn.BINOM.INV(1,(1-Satokasvi!$H$15),Z63) -> 3474.8831 | BB63: =IF(C$11="x",0,_xlfn.NORM.INV(B63,Satokasvi!$H$8,Satokasvi!$I$8)*IF(C$8="x",(1+Toimenpiteet!$C$7),1)*IF(C$9="x",(1+Toimenpiteet!$C$34),1)*(1+C$30)*_xlfn.BINOM.INV(1,(1-(Satokasvi!$H$15*(1+C$41))),B63)) -> 2552.7913 | BC63: =IF(D$11="x",0,_xlfn.NORM.INV(C63,Satokasvi!$H$8,Satokasvi!$I$8)*IF(D$8="x",(1+Toimenpiteet!$C$7),1)*IF(D$9="x",(1+Toimenpiteet!$C$34),1)*(1+D$30)*_xlfn.BINOM.INV(1,(1-(Satokasvi!$H$15*(1+D$41))),C63)) -> 2521.8158 | BD63: =IF(E$11="x",0,_xlfn.NORM.INV(D63,Satokasvi!$H$8,Satokasvi!$I$8)*IF(E$8="x",(1+Toimenpiteet!$C$7),1)*IF(E$9="x",(1+Toimenpiteet!$C$34),1)*(1+E$30)*_xlfn.BINOM.INV(1,(1-(Satokasvi!$H$15*(1+E$41))),D63)) -> 2666.37 | BE63: =IF(F$11="x",0,_xlfn.NORM.INV(E63,Satokasvi!$H$8,Satokasvi!$I$8)*IF(F$8="x",(1+Toimenpiteet!$C$7),1)*IF(F$9="x",(1+Toimenpiteet!$C$34),1)*(1+F$30)*_xlfn.BINOM.INV(1,(1-(Satokasvi!$H$15*(1+F$41))),E63)) -> 2426.3137 | BF63: =IF(G$11="x",0,_xlfn.NORM.INV(F63,Satokasvi!$H$8,Satokasvi!$I$8)*IF(G$8="x",(1+Toimenpiteet!$C$7),1)*IF(G$9="x",(1+Toimenpiteet!$C$34),1)*(1+G$30)*_xlfn.BINOM.INV(1,(1-(Satokasvi!$H$15*(1+G$41))),F63)) -> 2752.7161 | BG63: =IF(H$11="x",0,_xlfn.NORM.INV(G63,Satokasvi!$H$8,Satokasvi!$I$8)*IF(H$8="x",(1+Toimenpiteet!$C$7),1)*IF(H$9="x",(1+Toimenpiteet!$C$34),1)*(1+H$30)*_xlfn.BINOM.INV(1,(1-(Satokasvi!$H$15*(1+H$41))),G63)) -> 0 | BH63: =IF(I$11="x",0,_xlfn.NORM.INV(H63,Satokasvi!$H$8,Satokasvi!$I$8)*IF(I$8="x",(1+Toimenpiteet!$C$7),1)*IF(I$9="x",(1+Toimenpiteet!$C$34),1)*(1+I$30)*_xlfn.BINOM.INV(1,(1-(Satokasvi!$H$15*(1+I$41))),H63)) -> 2483.602 | BI63: =IF(J$11="x",0,_xlfn.NORM.INV(I63,Satokasvi!$H$8,Satokasvi!$I$8)*IF(J$8="x",(1+Toimenpiteet!$C$7),1)*IF(J$9="x",(1+Toimenpiteet!$C$34),1)*(1+J$30)*_xlfn.BINOM.INV(1,(1-(Satokasvi!$H$15*(1+J$41))),I63)) -> 2603.3048 | ... BZ63: =IF(AA$11="x",0,_xlfn.NORM.INV(Z63,Satokasvi!$H$8,Satokasvi!$I$8)*IF(AA$8="x",(1+Toimenpiteet!$C$7),1)*IF(AA$9="x",(1+Toimenpiteet!$C$34),1)*(1+AA$30)*_xlfn.BINOM.INV(1,(1-(Satokasvi!$H$15*(1+AA$41))),Z63)) -> 2589.4829 | CB63: =_xlfn.NORM.INV(RAND(),Satokasvi!$H$13,Satokasvi!$I$13) -> 252.75866 | CC63: =_xlfn.NORM.INV(RAND(),Satokasvi!$H$13,Satokasvi!$I$13) -> 88.505857 | CD63: =_xlfn.NORM.INV(RAND(),Satokasvi!$H$13,Satokasvi!$I$13) -> 209.33157 | CE63: =_xlfn.NORM.INV(RAND(),Satokasvi!$H$13,Satokasvi!$I$13) -> 206.90595 | CF63: =_xlfn.NORM.INV(RAND(),Satokasvi!$H$13,Satokasvi!$I$13) -> 233.64201 | CG63: =_xlfn.NORM.INV(RAND(),Satokasvi!$H$13,Satokasvi!$I$13) -> 157.92574 | CH63: =_xlfn.NORM.INV(RAND(),Satokasvi!$H$13,Satokasvi!$I$13) -> 214.84854 | CI63: =_xlfn.NORM.INV(RAND(),Satokasvi!$H$13,Satokasvi!$I$13) -> 228.25616 | ... CZ63: =_xlfn.NORM.INV(RAND(),Satokasvi!$H$13,Satokasvi!$I$13) -> 228.68298 | DB63: =(AB63*(CB63/1000)+(Satokasvi!$E$28-Satokasvi!$E$7))/(1+$C$13)^DB$61 -> 513.53129 | DC63: =(AC63*(CC63/1000)+(Satokasvi!$E$28-Satokasvi!$E$7))/(1+$C$13)^DC$61 -> -52.112625 | DD63: =(AD63*(CD63/1000)+(Satokasvi!$E$28-Satokasvi!$E$7))/(1+$C$13)^DD$61 -> 364.47454 | DE63: =(AE63*(CE63/1000)+(Satokasvi!$E$28-Satokasvi!$E$7))/(1+$C$13)^DE$61 -> 281.87879 | DF63: =(AF63*(CF63/1000)+(Satokasvi!$E$28-Satokasvi!$E$7))/(1+$C$13)^DF$61 -> 433.07883 | DG63: =(AG63*(CG63/1000)+(Satokasvi!$E$28-Satokasvi!$E$7))/(1+$C$13)^DG$61 -> -302.33182 | DH63: =(AH63*(CH63/1000)+(Satokasvi!$E$28-Satokasvi!$E$7))/(1+$C$13)^DH$61 -> 288.68574 | DI63: =(AI63*(CI63/1000)+(Satokasvi!$E$28-Satokasvi!$E$7))/(1+$C$13)^DI$61 -> 344.49595 | ... DZ63: =(AZ63*(CZ63/1000)+(Satokasvi!$E$28-Satokasvi!$E$7))/(1+$C$13)^DZ$61 -> 207.11205 | EB63: =IF(C$11="x",Toimenpiteet!$E$115,BB63*(CB63/1000)+(Satokasvi!$E$28-Satokasvi!$E$7)+IF(C$8="x",Toimenpiteet!$E$29,0)+IF(C$9="x",Toimenpiteet!$E$60,0)+IF(C$10="x",Toimenpiteet!$E$88,0))/(1+$C$13)^EB$61 -> 405.18455 | EC63: =IF(D$11="x",Toimenpiteet!$E$115,BC63*(CC63/1000)+(Satokasvi!$E$28-Satokasvi!$E$7)+IF(D$8="x",Toimenpiteet!$E$29,0)+IF(D$9="x",Toimenpiteet!$E$60,0)+IF(D$10="x",Toimenpiteet!$E$88,0))/(1+$C$13)^EC$61 -> -4.4344706 | ED63: =IF(E$11="x",Toimenpiteet!$E$115,BD63*(CD63/1000)+(Satokasvi!$E$28-Satokasvi!$E$7)+IF(E$8="x",Toimenpiteet!$E$29,0)+IF(E$9="x",Toimenpiteet!$E$60,0)+IF(E$10="x",Toimenpiteet!$E$88,0))/(1+$C$13)^ED$61 -> 302.23049 | EE63: =IF(F$11="x",Toimenpiteet!$E$115,BE63*(CE63/1000)+(Satokasvi!$E$28-Satokasvi!$E$7)+IF(F$8="x",Toimenpiteet!$E$29,0)+IF(F$9="x",Toimenpiteet!$E$60,0)+IF(F$10="x",Toimenpiteet!$E$88,0))/(1+$C$13)^EE$61 -> 243.55096 | EF63: =IF(G$11="x",Toimenpiteet!$E$115,BF63*(CF63/1000)+(Satokasvi!$E$28-Satokasvi!$E$7)+IF(G$8="x",Toimenpiteet!$E$29,0)+IF(G$9="x",Toimenpiteet!$E$60,0)+IF(G$10="x",Toimenpiteet!$E$88,0))/(1+$C$13)^EF$61 -> 358.1984 | EG63: =IF(H$11="x",Toimenpiteet!$E$115,BG63*(CG63/1000)+(Satokasvi!$E$28-Satokasvi!$E$7)+IF(H$8="x",Toimenpiteet!$E$29,0)+IF(H$9="x",Toimenpiteet!$E$60,0)+IF(H$10="x",Toimenpiteet!$E$88,0))/(1+$C$13)^EG$61 -> -190.86266 | EH63: =IF(I$11="x",Toimenpiteet!$E$115,BH63*(CH63/1000)+(Satokasvi!$E$28-Satokasvi!$E$7)+IF(I$8="x",Toimenpiteet!$E$29,0)+IF(I$9="x",Toimenpiteet!$E$60,0)+IF(I$10="x",Toimenpiteet!$E$88,0))/(1+$C$13)^EH$61 -> 248.56066 | EI63: =IF(J$11="x",Toimenpiteet!$E$115,BI63*(CI63/1000)+(Satokasvi!$E$28-Satokasvi!$E$7)+IF(J$8="x",Toimenpiteet!$E$29,0)+IF(J$9="x",Toimenpiteet!$E$60,0)+IF(J$10="x",Toimenpiteet!$E$88,0))/(1+$C$13)^EI$61 -> 289.17668 | ... EZ63: =IF(AA$11="x",Toimenpiteet!$E$115,BZ63*(CZ63/1000)+(Satokasvi!$E$28-Satokasvi!$E$7)+IF(AA$8="x",Toimenpiteet!$E$29,0)+IF(AA$9="x",Toimenpiteet!$E$60,0)+IF(AA$10="x",Toimenpiteet!$E$88,0))/(1+$C$13)^EZ$61 -> 173.9777 | FB63: =DB63 -> 513.53129 | FC63: =FB63+DC63 -> 461.41867 | FD63: =FC63+DD63 -> 825.8932 | FE63: =FD63+DE63 -> 1107.772 | FF63: =FE63+DF63 -> 1540.8508 | FG63: =FF63+DG63 -> 1238.519 | FH63: =FG63+DH63 -> 1527.2047 | FI63: =FH63+DI63 -> 1871.7007 | FJ63: =FI63+DJ63 -> 2126.247 | ... FZ63: =FY63+DZ63 -> 5116.7686 | GB63: =EB63 -> 405.18455 | GC63: =GB63+EC63 -> 400.75008 | GD63: =GC63+ED63 -> 702.98058 | GE63: =GD63+EE63 -> 946.53153 | GF63: =GE63+EF63 -> 1304.7299 | GG63: =GF63+EG63 -> 1113.8673 | GH63: =GG63+EH63 -> 1362.4279 | GI63: =GH63+EI63 -> 1651.6046 | GJ63: =GI63+EJ63 -> 1872.8055 | ... GZ63: =GY63+EZ63 -> 4497.179 | HB63: =_xlfn.XLOOKUP($BE$18,$FB$61:$FZ$61,FB63:FZ63) -> 2270.7377 | HC63: =_xlfn.XLOOKUP($BE$18,$GB$61:$GZ$61,GB63:GZ63) -> 2011.0749
B64: =RAND() -> 0.019907309 | C64: =RAND() -> 0.86522849 | D64: =RAND() -> 0.02010571 | E64: =RAND() -> 0.34322034 | F64: =RAND() -> 0.66018832 | G64: =RAND() -> 0.38340751 | H64: =RAND() -> 0.46458231 | I64: =RAND() -> 0.88347766 | ... Z64: =RAND() -> 0.030339671 | AB64: =_xlfn.NORM.INV(B64,Satokasvi!$H$8,Satokasvi!$I$8)*_xlfn.BINOM.INV(1,(1-Satokasvi!$H$15),B64) -> 0 | AC64: =_xlfn.NORM.INV(C64,Satokasvi!$H$8,Satokasvi!$I$8)*_xlfn.BINOM.INV(1,(1-Satokasvi!$H$15),C64) -> 3776.0289 | AD64: =_xlfn.NORM.INV(D64,Satokasvi!$H$8,Satokasvi!$I$8)*_xlfn.BINOM.INV(1,(1-Satokasvi!$H$15),D64) -> 0 | AE64: =_xlfn.NORM.INV(E64,Satokasvi!$H$8,Satokasvi!$I$8)*_xlfn.BINOM.INV(1,(1-Satokasvi!$H$15),E64) -> 3399.0775 | AF64: =_xlfn.NORM.INV(F64,Satokasvi!$H$8,Satokasvi!$I$8)*_xlfn.BINOM.INV(1,(1-Satokasvi!$H$15),F64) -> 3603.2443 | AG64: =_xlfn.NORM.INV(G64,Satokasvi!$H$8,Satokasvi!$I$8)*_xlfn.BINOM.INV(1,(1-Satokasvi!$H$15),G64) -> 3425.8641 | AH64: =_xlfn.NORM.INV(H64,Satokasvi!$H$8,Satokasvi!$I$8)*_xlfn.BINOM.INV(1,(1-Satokasvi!$H$15),H64) -> 3477.776 | AI64: =_xlfn.NORM.INV(I64,Satokasvi!$H$8,Satokasvi!$I$8)*_xlfn.BINOM.INV(1,(1-Satokasvi!$H$15),I64) -> 3798.1381 | ... AZ64: =_xlfn.NORM.INV(Z64,Satokasvi!$H$8,Satokasvi!$I$8)*_xlfn.BINOM.INV(1,(1-Satokasvi!$H$15),Z64) -> 0 | BB64: =IF(C$11="x",0,_xlfn.NORM.INV(B64,Satokasvi!$H$8,Satokasvi!$I$8)*IF(C$8="x",(1+Toimenpiteet!$C$7),1)*IF(C$9="x",(1+Toimenpiteet!$C$34),1)*(1+C$30)*_xlfn.BINOM.INV(1,(1-(Satokasvi!$H$15*(1+C$41))),B64)) -> 0 | BC64: =IF(D$11="x",0,_xlfn.NORM.INV(C64,Satokasvi!$H$8,Satokasvi!$I$8)*IF(D$8="x",(1+Toimenpiteet!$C$7),1)*IF(D$9="x",(1+Toimenpiteet!$C$34),1)*(1+D$30)*_xlfn.BINOM.INV(1,(1-(Satokasvi!$H$15*(1+D$41))),C64)) -> 2756.8032 | BD64: =IF(E$11="x",0,_xlfn.NORM.INV(D64,Satokasvi!$H$8,Satokasvi!$I$8)*IF(E$8="x",(1+Toimenpiteet!$C$7),1)*IF(E$9="x",(1+Toimenpiteet!$C$34),1)*(1+E$30)*_xlfn.BINOM.INV(1,(1-(Satokasvi!$H$15*(1+E$41))),D64)) -> 0 | BE64: =IF(F$11="x",0,_xlfn.NORM.INV(E64,Satokasvi!$H$8,Satokasvi!$I$8)*IF(F$8="x",(1+Toimenpiteet!$C$7),1)*IF(F$9="x",(1+Toimenpiteet!$C$34),1)*(1+F$30)*_xlfn.BINOM.INV(1,(1-(Satokasvi!$H$15*(1+F$41))),E64)) -> 2515.8612 | BF64: =IF(G$11="x",0,_xlfn.NORM.INV(F64,Satokasvi!$H$8,Satokasvi!$I$8)*IF(G$8="x",(1+Toimenpiteet!$C$7),1)*IF(G$9="x",(1+Toimenpiteet!$C$34),1)*(1+G$30)*_xlfn.BINOM.INV(1,(1-(Satokasvi!$H$15*(1+G$41))),F64)) -> 2685.1376 | BG64: =IF(H$11="x",0,_xlfn.NORM.INV(G64,Satokasvi!$H$8,Satokasvi!$I$8)*IF(H$8="x",(1+Toimenpiteet!$C$7),1)*IF(H$9="x",(1+Toimenpiteet!$C$34),1)*(1+H$30)*_xlfn.BINOM.INV(1,(1-(Satokasvi!$H$15*(1+H$41))),G64)) -> 2552.9539 | BH64: =IF(I$11="x",0,_xlfn.NORM.INV(H64,Satokasvi!$H$8,Satokasvi!$I$8)*IF(I$8="x",(1+Toimenpiteet!$C$7),1)*IF(I$9="x",(1+Toimenpiteet!$C$34),1)*(1+I$30)*_xlfn.BINOM.INV(1,(1-(Satokasvi!$H$15*(1+I$41))),H64)) -> 2591.6387 | BI64: =IF(J$11="x",0,_xlfn.NORM.INV(I64,Satokasvi!$H$8,Satokasvi!$I$8)*IF(J$8="x",(1+Toimenpiteet!$C$7),1)*IF(J$9="x",(1+Toimenpiteet!$C$34),1)*(1+J$30)*_xlfn.BINOM.INV(1,(1-(Satokasvi!$H$15*(1+J$41))),I64)) -> 2830.3725 | ... BZ64: =IF(AA$11="x",0,_xlfn.NORM.INV(Z64,Satokasvi!$H$8,Satokasvi!$I$8)*IF(AA$8="x",(1+Toimenpiteet!$C$7),1)*IF(AA$9="x",(1+Toimenpiteet!$C$34),1)*(1+AA$30)*_xlfn.BINOM.INV(1,(1-(Satokasvi!$H$15*(1+AA$41))),Z64)) -> 0 | CB64: =_xlfn.NORM.INV(RAND(),Satokasvi!$H$13,Satokasvi!$I$13) -> 185.32192 | CC64: =_xlfn.NORM.INV(RAND(),Satokasvi!$H$13,Satokasvi!$I$13) -> 304.52269 | CD64: =_xlfn.NORM.INV(RAND(),Satokasvi!$H$13,Satokasvi!$I$13) -> 196.16929 | CE64: =_xlfn.NORM.INV(RAND(),Satokasvi!$H$13,Satokasvi!$I$13) -> 227.90788 | CF64: =_xlfn.NORM.INV(RAND(),Satokasvi!$H$13,Satokasvi!$I$13) -> 223.561 | CG64: =_xlfn.NORM.INV(RAND(),Satokasvi!$H$13,Satokasvi!$I$13) -> 203.3299 | CH64: =_xlfn.NORM.INV(RAND(),Satokasvi!$H$13,Satokasvi!$I$13) -> 189.06176 | CI64: =_xlfn.NORM.INV(RAND(),Satokasvi!$H$13,Satokasvi!$I$13) -> 192.85709 | ... CZ64: =_xlfn.NORM.INV(RAND(),Satokasvi!$H$13,Satokasvi!$I$13) -> 231.02593 | DB64: =(AB64*(CB64/1000)+(Satokasvi!$E$28-Satokasvi!$E$7))/(1+$C$13)^DB$61 -> -350.48544 | DC64: =(AC64*(CC64/1000)+(Satokasvi!$E$28-Satokasvi!$E$7))/(1+$C$13)^DC$61 -> 743.60118 | DD64: =(AD64*(CD64/1000)+(Satokasvi!$E$28-Satokasvi!$E$7))/(1+$C$13)^DD$61 -> -330.36614 | DE64: =(AE64*(CE64/1000)+(Satokasvi!$E$28-Satokasvi!$E$7))/(1+$C$13)^DE$61 -> 367.54626 | DF64: =(AF64*(CF64/1000)+(Satokasvi!$E$28-Satokasvi!$E$7))/(1+$C$13)^DF$61 -> 383.46832 | DG64: =(AG64*(CG64/1000)+(Satokasvi!$E$28-Satokasvi!$E$7))/(1+$C$13)^DG$61 -> 281.04346 | DH64: =(AH64*(CH64/1000)+(Satokasvi!$E$28-Satokasvi!$E$7))/(1+$C$13)^DH$61 -> 241.09338 | DI64: =(AI64*(CI64/1000)+(Satokasvi!$E$28-Satokasvi!$E$7))/(1+$C$13)^DI$61 -> 293.26384 | ... DZ64: =(AZ64*(CZ64/1000)+(Satokasvi!$E$28-Satokasvi!$E$7))/(1+$C$13)^DZ$61 -> -172.41561 | EB64: =IF(C$11="x",Toimenpiteet!$E$115,BB64*(CB64/1000)+(Satokasvi!$E$28-Satokasvi!$E$7)+IF(C$8="x",Toimenpiteet!$E$29,0)+IF(C$9="x",Toimenpiteet!$E$60,0)+IF(C$10="x",Toimenpiteet!$E$88,0))/(1+$C$13)^EB$61 -> -221.26214 | EC64: =IF(D$11="x",Toimenpiteet!$E$115,BC64*(CC64/1000)+(Satokasvi!$E$28-Satokasvi!$E$7)+IF(D$8="x",Toimenpiteet!$E$29,0)+IF(D$9="x",Toimenpiteet!$E$60,0)+IF(D$10="x",Toimenpiteet!$E$88,0))/(1+$C$13)^EC$61 -> 576.50026 | ED64: =IF(E$11="x",Toimenpiteet!$E$115,BD64*(CD64/1000)+(Satokasvi!$E$28-Satokasvi!$E$7)+IF(E$8="x",Toimenpiteet!$E$29,0)+IF(E$9="x",Toimenpiteet!$E$60,0)+IF(E$10="x",Toimenpiteet!$E$88,0))/(1+$C$13)^ED$61 -> -208.56078 | EE64: =IF(F$11="x",Toimenpiteet!$E$115,BE64*(CE64/1000)+(Satokasvi!$E$28-Satokasvi!$E$7)+IF(F$8="x",Toimenpiteet!$E$29,0)+IF(F$9="x",Toimenpiteet!$E$60,0)+IF(F$10="x",Toimenpiteet!$E$88,0))/(1+$C$13)^EE$61 -> 306.95859 | EF64: =IF(G$11="x",Toimenpiteet!$E$115,BF64*(CF64/1000)+(Satokasvi!$E$28-Satokasvi!$E$7)+IF(G$8="x",Toimenpiteet!$E$29,0)+IF(G$9="x",Toimenpiteet!$E$60,0)+IF(G$10="x",Toimenpiteet!$E$88,0))/(1+$C$13)^EF$61 -> 321.22865 | EG64: =IF(H$11="x",Toimenpiteet!$E$115,BG64*(CG64/1000)+(Satokasvi!$E$28-Satokasvi!$E$7)+IF(H$8="x",Toimenpiteet!$E$29,0)+IF(H$9="x",Toimenpiteet!$E$60,0)+IF(H$10="x",Toimenpiteet!$E$88,0))/(1+$C$13)^EG$61 -> 243.8686 | EH64: =IF(I$11="x",Toimenpiteet!$E$115,BH64*(CH64/1000)+(Satokasvi!$E$28-Satokasvi!$E$7)+IF(I$8="x",Toimenpiteet!$E$29,0)+IF(I$9="x",Toimenpiteet!$E$60,0)+IF(I$10="x",Toimenpiteet!$E$88,0))/(1+$C$13)^EH$61 -> 213.09483 | EI64: =IF(J$11="x",Toimenpiteet!$E$115,BI64*(CI64/1000)+(Satokasvi!$E$28-Satokasvi!$E$7)+IF(J$8="x",Toimenpiteet!$E$29,0)+IF(J$9="x",Toimenpiteet!$E$60,0)+IF(J$10="x",Toimenpiteet!$E$88,0))/(1+$C$13)^EI$61 -> 250.99851 | ... EZ64: =IF(AA$11="x",Toimenpiteet!$E$115,BZ64*(CZ64/1000)+(Satokasvi!$E$28-Satokasvi!$E$7)+IF(AA$8="x",Toimenpiteet!$E$29,0)+IF(AA$9="x",Toimenpiteet!$E$60,0)+IF(AA$10="x",Toimenpiteet!$E$88,0))/(1+$C$13)^EZ$61 -> -108.84631 | FB64: =DB64 -> -350.48544 | FC64: =FB64+DC64 -> 393.11574 | FD64: =FC64+DD64 -> 62.749605 | FE64: =FD64+DE64 -> 430.29587 | FF64: =FE64+DF64 -> 813.76418 | FG64: =FF64+DG64 -> 1094.8076 | FH64: =FG64+DH64 -> 1335.901 | FI64: =FH64+DI64 -> 1629.1649 | FJ64: =FI64+DJ64 -> 1954.3235 | ... FZ64: =FY64+DZ64 -> 4300.4157 | GB64: =EB64 -> -221.26214 | GC64: =GB64+EC64 -> 355.23813 | GD64: =GC64+ED64 -> 146.67734 | GE64: =GD64+EE64 -> 453.63594 | GF64: =GE64+EF64 -> 774.86458 | GG64: =GF64+EG64 -> 1018.7332 | GH64: =GG64+EH64 -> 1231.828 | GI64: =GH64+EI64 -> 1482.8265 | GJ64: =GI64+EJ64 -> 1756.6476 | ... GZ64: =GY64+EZ64 -> 3900.7924 | HB64: =_xlfn.XLOOKUP($BE$18,$FB$61:$FZ$61,FB64:FZ64) -> 2221.889 | HC64: =_xlfn.XLOOKUP($BE$18,$GB$61:$GZ$61,GB64:GZ64) -> 1986.6325 | HE64: Lyhyen aikavälin kerroin | HF64: Pitkän aikavälin kerroin
B65: =RAND() -> 0.39939267 | C65: =RAND() -> 0.69328438 | D65: =RAND() -> 0.054447272 | E65: =RAND() -> 0.9632947 | F65: =RAND() -> 0.70196583 | G65: =RAND() -> 0.22725504 | H65: =RAND() -> 0.81008145 | I65: =RAND() -> 0.20731001 | ... Z65: =RAND() -> 0.090835445 | AB65: =_xlfn.NORM.INV(B65,Satokasvi!$H$8,Satokasvi!$I$8)*_xlfn.BINOM.INV(1,(1-Satokasvi!$H$15),B65) -> 3436.2701 | AC65: =_xlfn.NORM.INV(C65,Satokasvi!$H$8,Satokasvi!$I$8)*_xlfn.BINOM.INV(1,(1-Satokasvi!$H$15),C65) -> 3626.2954 | AD65: =_xlfn.NORM.INV(D65,Satokasvi!$H$8,Satokasvi!$I$8)*_xlfn.BINOM.INV(1,(1-Satokasvi!$H$15),D65) -> 3099.2046 | AE65: =_xlfn.NORM.INV(E65,Satokasvi!$H$8,Satokasvi!$I$8)*_xlfn.BINOM.INV(1,(1-Satokasvi!$H$15),E65) -> 3947.5674 | AF65: =_xlfn.NORM.INV(F65,Satokasvi!$H$8,Satokasvi!$I$8)*_xlfn.BINOM.INV(1,(1-Satokasvi!$H$15),F65) -> 3632.5157 | AG65: =_xlfn.NORM.INV(G65,Satokasvi!$H$8,Satokasvi!$I$8)*_xlfn.BINOM.INV(1,(1-Satokasvi!$H$15),G65) -> 3313.0207 | AH65: =_xlfn.NORM.INV(H65,Satokasvi!$H$8,Satokasvi!$I$8)*_xlfn.BINOM.INV(1,(1-Satokasvi!$H$15),H65) -> 3719.5491 | AI65: =_xlfn.NORM.INV(I65,Satokasvi!$H$8,Satokasvi!$I$8)*_xlfn.BINOM.INV(1,(1-Satokasvi!$H$15),I65) -> 3296.0524 | ... AZ65: =_xlfn.NORM.INV(Z65,Satokasvi!$H$8,Satokasvi!$I$8)*_xlfn.BINOM.INV(1,(1-Satokasvi!$H$15),Z65) -> 3166.093 | BB65: =IF(C$11="x",0,_xlfn.NORM.INV(B65,Satokasvi!$H$8,Satokasvi!$I$8)*IF(C$8="x",(1+Toimenpiteet!$C$7),1)*IF(C$9="x",(1+Toimenpiteet!$C$34),1)*(1+C$30)*_xlfn.BINOM.INV(1,(1-(Satokasvi!$H$15*(1+C$41))),B65)) -> 2491.4333 | BC65: =IF(D$11="x",0,_xlfn.NORM.INV(C65,Satokasvi!$H$8,Satokasvi!$I$8)*IF(D$8="x",(1+Toimenpiteet!$C$7),1)*IF(D$9="x",(1+Toimenpiteet!$C$34),1)*(1+D$30)*_xlfn.BINOM.INV(1,(1-(Satokasvi!$H$15*(1+D$41))),C65)) -> 2647.4858 | BD65: =IF(E$11="x",0,_xlfn.NORM.INV(D65,Satokasvi!$H$8,Satokasvi!$I$8)*IF(E$8="x",(1+Toimenpiteet!$C$7),1)*IF(E$9="x",(1+Toimenpiteet!$C$34),1)*(1+E$30)*_xlfn.BINOM.INV(1,(1-(Satokasvi!$H$15*(1+E$41))),D65)) -> 2278.2873 | BE65: =IF(F$11="x",0,_xlfn.NORM.INV(E65,Satokasvi!$H$8,Satokasvi!$I$8)*IF(F$8="x",(1+Toimenpiteet!$C$7),1)*IF(F$9="x",(1+Toimenpiteet!$C$34),1)*(1+F$30)*_xlfn.BINOM.INV(1,(1-(Satokasvi!$H$15*(1+F$41))),E65)) -> 2921.8315 | BF65: =IF(G$11="x",0,_xlfn.NORM.INV(F65,Satokasvi!$H$8,Satokasvi!$I$8)*IF(G$8="x",(1+Toimenpiteet!$C$7),1)*IF(G$9="x",(1+Toimenpiteet!$C$34),1)*(1+G$30)*_xlfn.BINOM.INV(1,(1-(Satokasvi!$H$15*(1+G$41))),F65)) -> 2706.9507 | BG65: =IF(H$11="x",0,_xlfn.NORM.INV(G65,Satokasvi!$H$8,Satokasvi!$I$8)*IF(H$8="x",(1+Toimenpiteet!$C$7),1)*IF(H$9="x",(1+Toimenpiteet!$C$34),1)*(1+H$30)*_xlfn.BINOM.INV(1,(1-(Satokasvi!$H$15*(1+H$41))),G65)) -> 2468.863 | BH65: =IF(I$11="x",0,_xlfn.NORM.INV(H65,Satokasvi!$H$8,Satokasvi!$I$8)*IF(I$8="x",(1+Toimenpiteet!$C$7),1)*IF(I$9="x",(1+Toimenpiteet!$C$34),1)*(1+I$30)*_xlfn.BINOM.INV(1,(1-(Satokasvi!$H$15*(1+I$41))),H65)) -> 2771.808 | BI65: =IF(J$11="x",0,_xlfn.NORM.INV(I65,Satokasvi!$H$8,Satokasvi!$I$8)*IF(J$8="x",(1+Toimenpiteet!$C$7),1)*IF(J$9="x",(1+Toimenpiteet!$C$34),1)*(1+J$30)*_xlfn.BINOM.INV(1,(1-(Satokasvi!$H$15*(1+J$41))),I65)) -> 2456.2182 | ... BZ65: =IF(AA$11="x",0,_xlfn.NORM.INV(Z65,Satokasvi!$H$8,Satokasvi!$I$8)*IF(AA$8="x",(1+Toimenpiteet!$C$7),1)*IF(AA$9="x",(1+Toimenpiteet!$C$34),1)*(1+AA$30)*_xlfn.BINOM.INV(1,(1-(Satokasvi!$H$15*(1+AA$41))),Z65)) -> 2359.3725 | CB65: =_xlfn.NORM.INV(RAND(),Satokasvi!$H$13,Satokasvi!$I$13) -> 172.9233 | CC65: =_xlfn.NORM.INV(RAND(),Satokasvi!$H$13,Satokasvi!$I$13) -> 226.11854 | CD65: =_xlfn.NORM.INV(RAND(),Satokasvi!$H$13,Satokasvi!$I$13) -> 278.12864 | CE65: =_xlfn.NORM.INV(RAND(),Satokasvi!$H$13,Satokasvi!$I$13) -> 255.66641 | CF65: =_xlfn.NORM.INV(RAND(),Satokasvi!$H$13,Satokasvi!$I$13) -> 103.61099 | CG65: =_xlfn.NORM.INV(RAND(),Satokasvi!$H$13,Satokasvi!$I$13) -> 254.52863 | CH65: =_xlfn.NORM.INV(RAND(),Satokasvi!$H$13,Satokasvi!$I$13) -> 183.7021 | CI65: =_xlfn.NORM.INV(RAND(),Satokasvi!$H$13,Satokasvi!$I$13) -> 318.33524 | ... CZ65: =_xlfn.NORM.INV(RAND(),Satokasvi!$H$13,Satokasvi!$I$13) -> 261.58082 | DB65: =(AB65*(CB65/1000)+(Satokasvi!$E$28-Satokasvi!$E$7))/(1+$C$13)^DB$61 -> 226.41863 | DC65: =(AC65*(CC65/1000)+(Satokasvi!$E$28-Satokasvi!$E$7))/(1+$C$13)^DC$61 -> 432.62573 | DD65: =(AD65*(CD65/1000)+(Satokasvi!$E$28-Satokasvi!$E$7))/(1+$C$13)^DD$61 -> 458.46544 | DE65: =(AE65*(CE65/1000)+(Satokasvi!$E$28-Satokasvi!$E$7))/(1+$C$13)^DE$61 -> 575.97097 | DF65: =(AF65*(CF65/1000)+(Satokasvi!$E$28-Satokasvi!$E$7))/(1+$C$13)^DF$61 -> 13.257036 | DG65: =(AG65*(CG65/1000)+(Satokasvi!$E$28-Satokasvi!$E$7))/(1+$C$13)^DG$61 -> 403.88399 | DH65: =(AH65*(CH65/1000)+(Satokasvi!$E$28-Satokasvi!$E$7))/(1+$C$13)^DH$61 -> 262.05044 | DI65: =(AI65*(CI65/1000)+(Satokasvi!$E$28-Satokasvi!$E$7))/(1+$C$13)^DI$61 -> 543.3106 | ... DZ65: =(AZ65*(CZ65/1000)+(Satokasvi!$E$28-Satokasvi!$E$7))/(1+$C$13)^DZ$61 -> 223.13217 | EB65: =IF(C$11="x",Toimenpiteet!$E$115,BB65*(CB65/1000)+(Satokasvi!$E$28-Satokasvi!$E$7)+IF(C$8="x",Toimenpiteet!$E$29,0)+IF(C$9="x",Toimenpiteet!$E$60,0)+IF(C$10="x",Toimenpiteet!$E$88,0))/(1+$C$13)^EB$61 -> 197.01639 | EC65: =IF(D$11="x",Toimenpiteet!$E$115,BC65*(CC65/1000)+(Satokasvi!$E$28-Satokasvi!$E$7)+IF(D$8="x",Toimenpiteet!$E$29,0)+IF(D$9="x",Toimenpiteet!$E$60,0)+IF(D$10="x",Toimenpiteet!$E$88,0))/(1+$C$13)^EC$61 -> 349.46331 | ED65: =IF(E$11="x",Toimenpiteet!$E$115,BD65*(CD65/1000)+(Satokasvi!$E$28-Satokasvi!$E$7)+IF(E$8="x",Toimenpiteet!$E$29,0)+IF(E$9="x",Toimenpiteet!$E$60,0)+IF(E$10="x",Toimenpiteet!$E$88,0))/(1+$C$13)^ED$61 -> 371.32509 | EE65: =IF(F$11="x",Toimenpiteet!$E$115,BE65*(CE65/1000)+(Satokasvi!$E$28-Satokasvi!$E$7)+IF(F$8="x",Toimenpiteet!$E$29,0)+IF(F$9="x",Toimenpiteet!$E$60,0)+IF(F$10="x",Toimenpiteet!$E$88,0))/(1+$C$13)^EE$61 -> 461.22622 | EF65: =IF(G$11="x",Toimenpiteet!$E$115,BF65*(CF65/1000)+(Satokasvi!$E$28-Satokasvi!$E$7)+IF(G$8="x",Toimenpiteet!$E$29,0)+IF(G$9="x",Toimenpiteet!$E$60,0)+IF(G$10="x",Toimenpiteet!$E$88,0))/(1+$C$13)^EF$61 -> 45.347202 | EG65: =IF(H$11="x",Toimenpiteet!$E$115,BG65*(CG65/1000)+(Satokasvi!$E$28-Satokasvi!$E$7)+IF(H$8="x",Toimenpiteet!$E$29,0)+IF(H$9="x",Toimenpiteet!$E$60,0)+IF(H$10="x",Toimenpiteet!$E$88,0))/(1+$C$13)^EG$61 -> 335.40936 | EH65: =IF(I$11="x",Toimenpiteet!$E$115,BH65*(CH65/1000)+(Satokasvi!$E$28-Satokasvi!$E$7)+IF(I$8="x",Toimenpiteet!$E$29,0)+IF(I$9="x",Toimenpiteet!$E$60,0)+IF(I$10="x",Toimenpiteet!$E$88,0))/(1+$C$13)^EH$61 -> 228.71204 | EI65: =IF(J$11="x",Toimenpiteet!$E$115,BI65*(CI65/1000)+(Satokasvi!$E$28-Satokasvi!$E$7)+IF(J$8="x",Toimenpiteet!$E$29,0)+IF(J$9="x",Toimenpiteet!$E$60,0)+IF(J$10="x",Toimenpiteet!$E$88,0))/(1+$C$13)^EI$61 -> 437.33336 | ... EZ65: =IF(AA$11="x",Toimenpiteet!$E$115,BZ65*(CZ65/1000)+(Satokasvi!$E$28-Satokasvi!$E$7)+IF(AA$8="x",Toimenpiteet!$E$29,0)+IF(AA$9="x",Toimenpiteet!$E$60,0)+IF(AA$10="x",Toimenpiteet!$E$88,0))/(1+$C$13)^EZ$61 -> 185.9159 | FB65: =DB65 -> 226.41863 | FC65: =FB65+DC65 -> 659.04436 | FD65: =FC65+DD65 -> 1117.5098 | FE65: =FD65+DE65 -> 1693.4808 | FF65: =FE65+DF65 -> 1706.7378 | FG65: =FF65+DG65 -> 2110.6218 | FH65: =FG65+DH65 -> 2372.6722 | FI65: =FH65+DI65 -> 2915.9828 | FJ65: =FI65+DJ65 -> 3274.2051 | ... FZ65: =FY65+DZ65 -> 6376.2302 | GB65: =EB65 -> 197.01639 | GC65: =GB65+EC65 -> 546.4797 | GD65: =GC65+ED65 -> 917.80478 | GE65: =GD65+EE65 -> 1379.031 | GF65: =GE65+EF65 -> 1424.3782 | GG65: =GF65+EG65 -> 1759.7876 | GH65: =GG65+EH65 -> 1988.4996 | GI65: =GH65+EI65 -> 2425.833 | GJ65: =GI65+EJ65 -> 2724.2931 | ... GZ65: =GY65+EZ65 -> 5431.7591 | HB65: =_xlfn.XLOOKUP($BE$18,$FB$61:$FZ$61,FB65:FZ65) -> 3527.1153 | HC65: =_xlfn.XLOOKUP($BE$18,$GB$61:$GZ$61,GB65:GZ65) -> 2943.3568 | HE65: Pitkän aikavälin kokonaisvaikutus
B66: =RAND() -> 0.49738469 | C66: =RAND() -> 0.35713753 | D66: =RAND() -> 0.32522401 | E66: =RAND() -> 0.30999415 | F66: =RAND() -> 0.33007167 | G66: =RAND() -> 0.7227915 | H66: =RAND() -> 0.42815179 | I66: =RAND() -> 0.46314555 | ... Z66: =RAND() -> 0.9044815 | AB66: =_xlfn.NORM.INV(B66,Satokasvi!$H$8,Satokasvi!$I$8)*_xlfn.BINOM.INV(1,(1-Satokasvi!$H$15),B66) -> 3498.3611 | AC66: =_xlfn.NORM.INV(C66,Satokasvi!$H$8,Satokasvi!$I$8)*_xlfn.BINOM.INV(1,(1-Satokasvi!$H$15),C66) -> 3408.4698 | AD66: =_xlfn.NORM.INV(D66,Satokasvi!$H$8,Satokasvi!$I$8)*_xlfn.BINOM.INV(1,(1-Satokasvi!$H$15),D66) -> 3386.715 | AE66: =_xlfn.NORM.INV(E66,Satokasvi!$H$8,Satokasvi!$I$8)*_xlfn.BINOM.INV(1,(1-Satokasvi!$H$15),E66) -> 3376.0333 | AF66: =_xlfn.NORM.INV(F66,Satokasvi!$H$8,Satokasvi!$I$8)*_xlfn.BINOM.INV(1,(1-Satokasvi!$H$15),F66) -> 3390.0712 | AG66: =_xlfn.NORM.INV(G66,Satokasvi!$H$8,Satokasvi!$I$8)*_xlfn.BINOM.INV(1,(1-Satokasvi!$H$15),G66) -> 3647.7886 | AH66: =_xlfn.NORM.INV(H66,Satokasvi!$H$8,Satokasvi!$I$8)*_xlfn.BINOM.INV(1,(1-Satokasvi!$H$15),H66) -> 3454.7296 | AI66: =_xlfn.NORM.INV(I66,Satokasvi!$H$8,Satokasvi!$I$8)*_xlfn.BINOM.INV(1,(1-Satokasvi!$H$15),I66) -> 3476.8719 | ... AZ66: =_xlfn.NORM.INV(Z66,Satokasvi!$H$8,Satokasvi!$I$8)*_xlfn.BINOM.INV(1,(1-Satokasvi!$H$15),Z66) -> 3826.8794 | BB66: =IF(C$11="x",0,_xlfn.NORM.INV(B66,Satokasvi!$H$8,Satokasvi!$I$8)*IF(C$8="x",(1+Toimenpiteet!$C$7),1)*IF(C$9="x",(1+Toimenpiteet!$C$34),1)*(1+C$30)*_xlfn.BINOM.INV(1,(1-(Satokasvi!$H$15*(1+C$41))),B66)) -> 2536.4517 | BC66: =IF(D$11="x",0,_xlfn.NORM.INV(C66,Satokasvi!$H$8,Satokasvi!$I$8)*IF(D$8="x",(1+Toimenpiteet!$C$7),1)*IF(D$9="x",(1+Toimenpiteet!$C$34),1)*(1+D$30)*_xlfn.BINOM.INV(1,(1-(Satokasvi!$H$15*(1+D$41))),C66)) -> 2488.4557 | BD66: =IF(E$11="x",0,_xlfn.NORM.INV(D66,Satokasvi!$H$8,Satokasvi!$I$8)*IF(E$8="x",(1+Toimenpiteet!$C$7),1)*IF(E$9="x",(1+Toimenpiteet!$C$34),1)*(1+E$30)*_xlfn.BINOM.INV(1,(1-(Satokasvi!$H$15*(1+E$41))),D66)) -> 2489.642 | BE66: =IF(F$11="x",0,_xlfn.NORM.INV(E66,Satokasvi!$H$8,Satokasvi!$I$8)*IF(F$8="x",(1+Toimenpiteet!$C$7),1)*IF(F$9="x",(1+Toimenpiteet!$C$34),1)*(1+F$30)*_xlfn.BINOM.INV(1,(1-(Satokasvi!$H$15*(1+F$41))),E66)) -> 2498.8048 | BF66: =IF(G$11="x",0,_xlfn.NORM.INV(F66,Satokasvi!$H$8,Satokasvi!$I$8)*IF(G$8="x",(1+Toimenpiteet!$C$7),1)*IF(G$9="x",(1+Toimenpiteet!$C$34),1)*(1+G$30)*_xlfn.BINOM.INV(1,(1-(Satokasvi!$H$15*(1+G$41))),F66)) -> 2526.281 | BG66: =IF(H$11="x",0,_xlfn.NORM.INV(G66,Satokasvi!$H$8,Satokasvi!$I$8)*IF(H$8="x",(1+Toimenpiteet!$C$7),1)*IF(H$9="x",(1+Toimenpiteet!$C$34),1)*(1+H$30)*_xlfn.BINOM.INV(1,(1-(Satokasvi!$H$15*(1+H$41))),G66)) -> 2718.3321 | BH66: =IF(I$11="x",0,_xlfn.NORM.INV(H66,Satokasvi!$H$8,Satokasvi!$I$8)*IF(I$8="x",(1+Toimenpiteet!$C$7),1)*IF(I$9="x",(1+Toimenpiteet!$C$34),1)*(1+I$30)*_xlfn.BINOM.INV(1,(1-(Satokasvi!$H$15*(1+I$41))),H66)) -> 2574.4645 | BI66: =IF(J$11="x",0,_xlfn.NORM.INV(I66,Satokasvi!$H$8,Satokasvi!$I$8)*IF(J$8="x",(1+Toimenpiteet!$C$7),1)*IF(J$9="x",(1+Toimenpiteet!$C$34),1)*(1+J$30)*_xlfn.BINOM.INV(1,(1-(Satokasvi!$H$15*(1+J$41))),I66)) -> 2590.965 | ... BZ66: =IF(AA$11="x",0,_xlfn.NORM.INV(Z66,Satokasvi!$H$8,Satokasvi!$I$8)*IF(AA$8="x",(1+Toimenpiteet!$C$7),1)*IF(AA$9="x",(1+Toimenpiteet!$C$34),1)*(1+AA$30)*_xlfn.BINOM.INV(1,(1-(Satokasvi!$H$15*(1+AA$41))),Z66)) -> 2851.7905 | CB66: =_xlfn.NORM.INV(RAND(),Satokasvi!$H$13,Satokasvi!$I$13) -> 278.08877 | CC66: =_xlfn.NORM.INV(RAND(),Satokasvi!$H$13,Satokasvi!$I$13) -> 119.15881 | CD66: =_xlfn.NORM.INV(RAND(),Satokasvi!$H$13,Satokasvi!$I$13) -> 155.39754 | CE66: =_xlfn.NORM.INV(RAND(),Satokasvi!$H$13,Satokasvi!$I$13) -> 129.69486 | CF66: =_xlfn.NORM.INV(RAND(),Satokasvi!$H$13,Satokasvi!$I$13) -> 165.95046 | CG66: =_xlfn.NORM.INV(RAND(),Satokasvi!$H$13,Satokasvi!$I$13) -> 299.54768 | CH66: =_xlfn.NORM.INV(RAND(),Satokasvi!$H$13,Satokasvi!$I$13) -> 253.86733 | CI66: =_xlfn.NORM.INV(RAND(),Satokasvi!$H$13,Satokasvi!$I$13) -> 185.47658 | ... CZ66: =_xlfn.NORM.INV(RAND(),Satokasvi!$H$13,Satokasvi!$I$13) -> 178.27594 | DB66: =(AB66*(CB66/1000)+(Satokasvi!$E$28-Satokasvi!$E$7))/(1+$C$13)^DB$61 -> 594.03392 | DC66: =(AC66*(CC66/1000)+(Satokasvi!$E$28-Satokasvi!$E$7))/(1+$C$13)^DC$61 -> 42.557448 | DD66: =(AD66*(CD66/1000)+(Satokasvi!$E$28-Satokasvi!$E$7))/(1+$C$13)^DD$61 -> 151.26119 | DE66: =(AE66*(CE66/1000)+(Satokasvi!$E$28-Satokasvi!$E$7))/(1+$C$13)^DE$61 -> 68.283922 | DF66: =(AF66*(CF66/1000)+(Satokasvi!$E$28-Satokasvi!$E$7))/(1+$C$13)^DF$61 -> 173.88801 | DG66: =(AG66*(CG66/1000)+(Satokasvi!$E$28-Satokasvi!$E$7))/(1+$C$13)^DG$61 -> 612.77602 | DH66: =(AH66*(CH66/1000)+(Satokasvi!$E$28-Satokasvi!$E$7))/(1+$C$13)^DH$61 -> 419.59017 | DI66: =(AI66*(CI66/1000)+(Satokasvi!$E$28-Satokasvi!$E$7))/(1+$C$13)^DI$61 -> 224.09617 | ... DZ66: =(AZ66*(CZ66/1000)+(Satokasvi!$E$28-Satokasvi!$E$7))/(1+$C$13)^DZ$61 -> 153.42626 | EB66: =IF(C$11="x",Toimenpiteet!$E$115,BB66*(CB66/1000)+(Satokasvi!$E$28-Satokasvi!$E$7)+IF(C$8="x",Toimenpiteet!$E$29,0)+IF(C$9="x",Toimenpiteet!$E$60,0)+IF(C$10="x",Toimenpiteet!$E$88,0))/(1+$C$13)^EB$61 -> 463.55218 | EC66: =IF(D$11="x",Toimenpiteet!$E$115,BC66*(CC66/1000)+(Satokasvi!$E$28-Satokasvi!$E$7)+IF(D$8="x",Toimenpiteet!$E$29,0)+IF(D$9="x",Toimenpiteet!$E$60,0)+IF(D$10="x",Toimenpiteet!$E$88,0))/(1+$C$13)^EC$61 -> 64.682256 | ED66: =IF(E$11="x",Toimenpiteet!$E$115,BD66*(CD66/1000)+(Satokasvi!$E$28-Satokasvi!$E$7)+IF(E$8="x",Toimenpiteet!$E$29,0)+IF(E$9="x",Toimenpiteet!$E$60,0)+IF(E$10="x",Toimenpiteet!$E$88,0))/(1+$C$13)^ED$61 -> 145.49309 | EE66: =IF(F$11="x",Toimenpiteet!$E$115,BE66*(CE66/1000)+(Satokasvi!$E$28-Satokasvi!$E$7)+IF(F$8="x",Toimenpiteet!$E$29,0)+IF(F$9="x",Toimenpiteet!$E$60,0)+IF(F$10="x",Toimenpiteet!$E$88,0))/(1+$C$13)^EE$61 -> 85.456578 | EF66: =IF(G$11="x",Toimenpiteet!$E$115,BF66*(CF66/1000)+(Satokasvi!$E$28-Satokasvi!$E$7)+IF(G$8="x",Toimenpiteet!$E$29,0)+IF(G$9="x",Toimenpiteet!$E$60,0)+IF(G$10="x",Toimenpiteet!$E$88,0))/(1+$C$13)^EF$61 -> 165.0494 | EG66: =IF(H$11="x",Toimenpiteet!$E$115,BG66*(CG66/1000)+(Satokasvi!$E$28-Satokasvi!$E$7)+IF(H$8="x",Toimenpiteet!$E$29,0)+IF(H$9="x",Toimenpiteet!$E$60,0)+IF(H$10="x",Toimenpiteet!$E$88,0))/(1+$C$13)^EG$61 -> 491.07569 | EH66: =IF(I$11="x",Toimenpiteet!$E$115,BH66*(CH66/1000)+(Satokasvi!$E$28-Satokasvi!$E$7)+IF(I$8="x",Toimenpiteet!$E$29,0)+IF(I$9="x",Toimenpiteet!$E$60,0)+IF(I$10="x",Toimenpiteet!$E$88,0))/(1+$C$13)^EH$61 -> 346.11064 | EI66: =IF(J$11="x",Toimenpiteet!$E$115,BI66*(CI66/1000)+(Satokasvi!$E$28-Satokasvi!$E$7)+IF(J$8="x",Toimenpiteet!$E$29,0)+IF(J$9="x",Toimenpiteet!$E$60,0)+IF(J$10="x",Toimenpiteet!$E$88,0))/(1+$C$13)^EI$61 -> 199.45476 | ... EZ66: =IF(AA$11="x",Toimenpiteet!$E$115,BZ66*(CZ66/1000)+(Satokasvi!$E$28-Satokasvi!$E$7)+IF(AA$8="x",Toimenpiteet!$E$29,0)+IF(AA$9="x",Toimenpiteet!$E$60,0)+IF(AA$10="x",Toimenpiteet!$E$88,0))/(1+$C$13)^EZ$61 -> 133.97106 | FB66: =DB66 -> 594.03392 | FC66: =FB66+DC66 -> 636.59137 | FD66: =FC66+DD66 -> 787.85255 | FE66: =FD66+DE66 -> 856.13648 | FF66: =FE66+DF66 -> 1030.0245 | FG66: =FF66+DG66 -> 1642.8005 | FH66: =FG66+DH66 -> 2062.3907 | FI66: =FH66+DI66 -> 2286.4868 | FJ66: =FI66+DJ66 -> 2281.8722 | ... FZ66: =FY66+DZ66 -> 4754.0193 | GB66: =EB66 -> 463.55218 | GC66: =GB66+EC66 -> 528.23443 | GD66: =GC66+ED66 -> 673.72753 | GE66: =GD66+EE66 -> 759.18411 | GF66: =GE66+EF66 -> 924.23351 | GG66: =GF66+EG66 -> 1415.3092 | GH66: =GG66+EH66 -> 1761.4198 | GI66: =GH66+EI66 -> 1960.8746 | GJ66: =GI66+EJ66 -> 1988.9487 | ... GZ66: =GY66+EZ66 -> 4227.0296 | HB66: =_xlfn.XLOOKUP($BE$18,$FB$61:$FZ$61,FB66:FZ66) -> 2477.3238 | HC66: =_xlfn.XLOOKUP($BE$18,$GB$61:$GZ$61,GB66:GZ66) -> 2165.1943
B67: =RAND() -> 0.51977139 | C67: =RAND() -> 0.13978082 | D67: =RAND() -> 0.27389755 | E67: =RAND() -> 0.22042731 | F67: =RAND() -> 0.38521406 | G67: =RAND() -> 0.78867788 | H67: =RAND() -> 0.067169555 | I67: =RAND() -> 0.4118359 | ... Z67: =RAND() -> 0.79241604 | AB67: =_xlfn.NORM.INV(B67,Satokasvi!$H$8,Satokasvi!$I$8)*_xlfn.BINOM.INV(1,(1-Satokasvi!$H$15),B67) -> 3512.395 | AC67: =_xlfn.NORM.INV(C67,Satokasvi!$H$8,Satokasvi!$I$8)*_xlfn.BINOM.INV(1,(1-Satokasvi!$H$15),C67) -> 3229.6738 | AD67: =_xlfn.NORM.INV(D67,Satokasvi!$H$8,Satokasvi!$I$8)*_xlfn.BINOM.INV(1,(1-Satokasvi!$H$15),D67) -> 3349.7332 | AE67: =_xlfn.NORM.INV(E67,Satokasvi!$H$8,Satokasvi!$I$8)*_xlfn.BINOM.INV(1,(1-Satokasvi!$H$15),E67) -> 3307.3123 | AF67: =_xlfn.NORM.INV(F67,Satokasvi!$H$8,Satokasvi!$I$8)*_xlfn.BINOM.INV(1,(1-Satokasvi!$H$15),F67) -> 3427.0463 | AG67: =_xlfn.NORM.INV(G67,Satokasvi!$H$8,Satokasvi!$I$8)*_xlfn.BINOM.INV(1,(1-Satokasvi!$H$15),G67) -> 3700.4606 | AH67: =_xlfn.NORM.INV(H67,Satokasvi!$H$8,Satokasvi!$I$8)*_xlfn.BINOM.INV(1,(1-Satokasvi!$H$15),H67) -> 3125.698 | AI67: =_xlfn.NORM.INV(I67,Satokasvi!$H$8,Satokasvi!$I$8)*_xlfn.BINOM.INV(1,(1-Satokasvi!$H$15),I67) -> 3444.2938 | ... AZ67: =_xlfn.NORM.INV(Z67,Satokasvi!$H$8,Satokasvi!$I$8)*_xlfn.BINOM.INV(1,(1-Satokasvi!$H$15),Z67) -> 3703.7082 | BB67: =IF(C$11="x",0,_xlfn.NORM.INV(B67,Satokasvi!$H$8,Satokasvi!$I$8)*IF(C$8="x",(1+Toimenpiteet!$C$7),1)*IF(C$9="x",(1+Toimenpiteet!$C$34),1)*(1+C$30)*_xlfn.BINOM.INV(1,(1-(Satokasvi!$H$15*(1+C$41))),B67)) -> 2546.6268 | BC67: =IF(D$11="x",0,_xlfn.NORM.INV(C67,Satokasvi!$H$8,Satokasvi!$I$8)*IF(D$8="x",(1+Toimenpiteet!$C$7),1)*IF(D$9="x",(1+Toimenpiteet!$C$34),1)*(1+D$30)*_xlfn.BINOM.INV(1,(1-(Satokasvi!$H$15*(1+D$41))),C67)) -> 2357.9203 | BD67: =IF(E$11="x",0,_xlfn.NORM.INV(D67,Satokasvi!$H$8,Satokasvi!$I$8)*IF(E$8="x",(1+Toimenpiteet!$C$7),1)*IF(E$9="x",(1+Toimenpiteet!$C$34),1)*(1+E$30)*_xlfn.BINOM.INV(1,(1-(Satokasvi!$H$15*(1+E$41))),D67)) -> 2462.4558 | BE67: =IF(F$11="x",0,_xlfn.NORM.INV(E67,Satokasvi!$H$8,Satokasvi!$I$8)*IF(F$8="x",(1+Toimenpiteet!$C$7),1)*IF(F$9="x",(1+Toimenpiteet!$C$34),1)*(1+F$30)*_xlfn.BINOM.INV(1,(1-(Satokasvi!$H$15*(1+F$41))),E67)) -> 2447.9403 | BF67: =IF(G$11="x",0,_xlfn.NORM.INV(F67,Satokasvi!$H$8,Satokasvi!$I$8)*IF(G$8="x",(1+Toimenpiteet!$C$7),1)*IF(G$9="x",(1+Toimenpiteet!$C$34),1)*(1+G$30)*_xlfn.BINOM.INV(1,(1-(Satokasvi!$H$15*(1+G$41))),F67)) -> 2553.8349 | BG67: =IF(H$11="x",0,_xlfn.NORM.INV(G67,Satokasvi!$H$8,Satokasvi!$I$8)*IF(H$8="x",(1+Toimenpiteet!$C$7),1)*IF(H$9="x",(1+Toimenpiteet!$C$34),1)*(1+H$30)*_xlfn.BINOM.INV(1,(1-(Satokasvi!$H$15*(1+H$41))),G67)) -> 2757.5832 | BH67: =IF(I$11="x",0,_xlfn.NORM.INV(H67,Satokasvi!$H$8,Satokasvi!$I$8)*IF(I$8="x",(1+Toimenpiteet!$C$7),1)*IF(I$9="x",(1+Toimenpiteet!$C$34),1)*(1+I$30)*_xlfn.BINOM.INV(1,(1-(Satokasvi!$H$15*(1+I$41))),H67)) -> 2329.2701 | BI67: =IF(J$11="x",0,_xlfn.NORM.INV(I67,Satokasvi!$H$8,Satokasvi!$I$8)*IF(J$8="x",(1+Toimenpiteet!$C$7),1)*IF(J$9="x",(1+Toimenpiteet!$C$34),1)*(1+J$30)*_xlfn.BINOM.INV(1,(1-(Satokasvi!$H$15*(1+J$41))),I67)) -> 2566.6877 | ... BZ67: =IF(AA$11="x",0,_xlfn.NORM.INV(Z67,Satokasvi!$H$8,Satokasvi!$I$8)*IF(AA$8="x",(1+Toimenpiteet!$C$7),1)*IF(AA$9="x",(1+Toimenpiteet!$C$34),1)*(1+AA$30)*_xlfn.BINOM.INV(1,(1-(Satokasvi!$H$15*(1+AA$41))),Z67)) -> 2760.0034 | CB67: =_xlfn.NORM.INV(RAND(),Satokasvi!$H$13,Satokasvi!$I$13) -> 192.53784 | CC67: =_xlfn.NORM.INV(RAND(),Satokasvi!$H$13,Satokasvi!$I$13) -> 125.47653 | CD67: =_xlfn.NORM.INV(RAND(),Satokasvi!$H$13,Satokasvi!$I$13) -> 285.04033 | CE67: =_xlfn.NORM.INV(RAND(),Satokasvi!$H$13,Satokasvi!$I$13) -> 105.13212 | CF67: =_xlfn.NORM.INV(RAND(),Satokasvi!$H$13,Satokasvi!$I$13) -> 174.32951 | CG67: =_xlfn.NORM.INV(RAND(),Satokasvi!$H$13,Satokasvi!$I$13) -> 134.18709 | CH67: =_xlfn.NORM.INV(RAND(),Satokasvi!$H$13,Satokasvi!$I$13) -> 228.85705 | CI67: =_xlfn.NORM.INV(RAND(),Satokasvi!$H$13,Satokasvi!$I$13) -> 167.24753 | ... CZ67: =_xlfn.NORM.INV(RAND(),Satokasvi!$H$13,Satokasvi!$I$13) -> 171.63676 | DB67: =(AB67*(CB67/1000)+(Satokasvi!$E$28-Satokasvi!$E$7))/(1+$C$13)^DB$61 -> 306.08634 | DC67: =(AC67*(CC67/1000)+(Satokasvi!$E$28-Satokasvi!$E$7))/(1+$C$13)^DC$61 -> 41.708227 | DD67: =(AD67*(CD67/1000)+(Satokasvi!$E$28-Satokasvi!$E$7))/(1+$C$13)^DD$61 -> 543.4194 | DE67: =(AE67*(CE67/1000)+(Satokasvi!$E$28-Satokasvi!$E$7))/(1+$C$13)^DE$61 -> -11.812656 | DF67: =(AF67*(CF67/1000)+(Satokasvi!$E$28-Satokasvi!$E$7))/(1+$C$13)^DF$61 -> 203.95116 | DG67: =(AG67*(CG67/1000)+(Satokasvi!$E$28-Satokasvi!$E$7))/(1+$C$13)^DG$61 -> 113.52436 | DH67: =(AH67*(CH67/1000)+(Satokasvi!$E$28-Satokasvi!$E$7))/(1+$C$13)^DH$61 -> 288.10924 | DI67: =(AI67*(CI67/1000)+(Satokasvi!$E$28-Satokasvi!$E$7))/(1+$C$13)^DI$61 -> 169.76216 | ... DZ67: =(AZ67*(CZ67/1000)+(Satokasvi!$E$28-Satokasvi!$E$7))/(1+$C$13)^DZ$61 -> 131.19467 | EB67: =IF(C$11="x",Toimenpiteet!$E$115,BB67*(CB67/1000)+(Satokasvi!$E$28-Satokasvi!$E$7)+IF(C$8="x",Toimenpiteet!$E$29,0)+IF(C$9="x",Toimenpiteet!$E$60,0)+IF(C$10="x",Toimenpiteet!$E$88,0))/(1+$C$13)^EB$61 -> 254.77866 | EC67: =IF(D$11="x",Toimenpiteet!$E$115,BC67*(CC67/1000)+(Satokasvi!$E$28-Satokasvi!$E$7)+IF(D$8="x",Toimenpiteet!$E$29,0)+IF(D$9="x",Toimenpiteet!$E$60,0)+IF(D$10="x",Toimenpiteet!$E$88,0))/(1+$C$13)^EC$61 -> 64.062256 | ED67: =IF(E$11="x",Toimenpiteet!$E$115,BD67*(CD67/1000)+(Satokasvi!$E$28-Satokasvi!$E$7)+IF(E$8="x",Toimenpiteet!$E$29,0)+IF(E$9="x",Toimenpiteet!$E$60,0)+IF(E$10="x",Toimenpiteet!$E$88,0))/(1+$C$13)^ED$61 -> 433.77644 | EE67: =IF(F$11="x",Toimenpiteet!$E$115,BE67*(CE67/1000)+(Satokasvi!$E$28-Satokasvi!$E$7)+IF(F$8="x",Toimenpiteet!$E$29,0)+IF(F$9="x",Toimenpiteet!$E$60,0)+IF(F$10="x",Toimenpiteet!$E$88,0))/(1+$C$13)^EE$61 -> 26.172295 | EF67: =IF(G$11="x",Toimenpiteet!$E$115,BF67*(CF67/1000)+(Satokasvi!$E$28-Satokasvi!$E$7)+IF(G$8="x",Toimenpiteet!$E$29,0)+IF(G$9="x",Toimenpiteet!$E$60,0)+IF(G$10="x",Toimenpiteet!$E$88,0))/(1+$C$13)^EF$61 -> 187.45246 | EG67: =IF(H$11="x",Toimenpiteet!$E$115,BG67*(CG67/1000)+(Satokasvi!$E$28-Satokasvi!$E$7)+IF(H$8="x",Toimenpiteet!$E$29,0)+IF(H$9="x",Toimenpiteet!$E$60,0)+IF(H$10="x",Toimenpiteet!$E$88,0))/(1+$C$13)^EG$61 -> 119.03336 | EH67: =IF(I$11="x",Toimenpiteet!$E$115,BH67*(CH67/1000)+(Satokasvi!$E$28-Satokasvi!$E$7)+IF(I$8="x",Toimenpiteet!$E$29,0)+IF(I$9="x",Toimenpiteet!$E$60,0)+IF(I$10="x",Toimenpiteet!$E$88,0))/(1+$C$13)^EH$61 -> 248.13105 | EI67: =IF(J$11="x",Toimenpiteet!$E$115,BI67*(CI67/1000)+(Satokasvi!$E$28-Satokasvi!$E$7)+IF(J$8="x",Toimenpiteet!$E$29,0)+IF(J$9="x",Toimenpiteet!$E$60,0)+IF(J$10="x",Toimenpiteet!$E$88,0))/(1+$C$13)^EI$61 -> 158.96506 | ... EZ67: =IF(AA$11="x",Toimenpiteet!$E$115,BZ67*(CZ67/1000)+(Satokasvi!$E$28-Satokasvi!$E$7)+IF(AA$8="x",Toimenpiteet!$E$29,0)+IF(AA$9="x",Toimenpiteet!$E$60,0)+IF(AA$10="x",Toimenpiteet!$E$88,0))/(1+$C$13)^EZ$61 -> 117.40407 | FB67: =DB67 -> 306.08634 | FC67: =FB67+DC67 -> 347.79457 | FD67: =FC67+DD67 -> 891.21396 | FE67: =FD67+DE67 -> 879.40131 | FF67: =FE67+DF67 -> 1083.3525 | FG67: =FF67+DG67 -> 1196.8768 | FH67: =FG67+DH67 -> 1484.9861 | FI67: =FH67+DI67 -> 1654.7482 | FJ67: =FI67+DJ67 -> 1839.2121 | ... FZ67: =FY67+DZ67 -> 5597.9376 | GB67: =EB67 -> 254.77866 | GC67: =GB67+EC67 -> 318.84092 | GD67: =GC67+ED67 -> 752.61736 | GE67: =GD67+EE67 -> 778.78966 | GF67: =GE67+EF67 -> 966.24212 | GG67: =GF67+EG67 -> 1085.2755 | GH67: =GG67+EH67 -> 1333.4065 | GI67: =GH67+EI67 -> 1492.3716 | GJ67: =GI67+EJ67 -> 1661.347 | ... GZ67: =GY67+EZ67 -> 4858.1861 | HB67: =_xlfn.XLOOKUP($BE$18,$FB$61:$FZ$61,FB67:FZ67) -> 2291.0224 | HC67: =_xlfn.XLOOKUP($BE$18,$GB$61:$GZ$61,GB67:GZ67) -> 2028.6311 | HF67: =BI10 -> -0.1 | HG67: =IF(HG$61<$BI$9,$HF67/$BI$9*HG$61,$HF67/$BI$9*$BI$9) -> -0.01 | HH67: =IF(HH$61<$BI$9,$HF67/$BI$9*HH$61,$HF67/$BI$9*$BI$9) -> -0.02 | HI67: =IF(HI$61<$BI$9,$HF67/$BI$9*HI$61,$HF67/$BI$9*$BI$9) -> -0.03 | HJ67: =IF(HJ$61<$BI$9,$HF67/$BI$9*HJ$61,$HF67/$BI$9*$BI$9) -> -0.04 | HK67: =IF(HK$61<$BI$9,$HF67/$BI$9*HK$61,$HF67/$BI$9*$BI$9) -> -0.05 | HL67: =IF(HL$61<$BI$9,$HF67/$BI$9*HL$61,$HF67/$BI$9*$BI$9) -> -0.06 | HM67: =IF(HM$61<$BI$9,$HF67/$BI$9*HM$61,$HF67/$BI$9*$BI$9) -> -0.07 | HN67: =IF(HN$61<$BI$9,$HF67/$BI$9*HN$61,$HF67/$BI$9*$BI$9) -> -0.08 | ... IE67: =IF(IE$61<$BI$9,$HF67/$BI$9*IE$61,$HF67/$BI$9*$BI$9) -> -0.1
B68: =RAND() -> 0.71920295 | C68: =RAND() -> 0.095522584 | D68: =RAND() -> 0.72146821 | E68: =RAND() -> 0.80937545 | F68: =RAND() -> 0.47724475 | G68: =RAND() -> 0.029875738 | H68: =RAND() -> 0.10862912 | I68: =RAND() -> 0.39124932 | ... Z68: =RAND() -> 0.53232383 | AB68: =_xlfn.NORM.INV(B68,Satokasvi!$H$8,Satokasvi!$I$8)*_xlfn.BINOM.INV(1,(1-Satokasvi!$H$15),B68) -> 3645.1188 | AC68: =_xlfn.NORM.INV(C68,Satokasvi!$H$8,Satokasvi!$I$8)*_xlfn.BINOM.INV(1,(1-Satokasvi!$H$15),C68) -> 3173.1266 | AD68: =_xlfn.NORM.INV(D68,Satokasvi!$H$8,Satokasvi!$I$8)*_xlfn.BINOM.INV(1,(1-Satokasvi!$H$15),D68) -> 3646.8022 | AE68: =_xlfn.NORM.INV(E68,Satokasvi!$H$8,Satokasvi!$I$8)*_xlfn.BINOM.INV(1,(1-Satokasvi!$H$15),E68) -> 3718.8993 | AF68: =_xlfn.NORM.INV(F68,Satokasvi!$H$8,Satokasvi!$I$8)*_xlfn.BINOM.INV(1,(1-Satokasvi!$H$15),F68) -> 3485.7325 | AG68: =_xlfn.NORM.INV(G68,Satokasvi!$H$8,Satokasvi!$I$8)*_xlfn.BINOM.INV(1,(1-Satokasvi!$H$15),G68) -> 0 | AH68: =_xlfn.NORM.INV(H68,Satokasvi!$H$8,Satokasvi!$I$8)*_xlfn.BINOM.INV(1,(1-Satokasvi!$H$15),H68) -> 3191.5371 | AI68: =_xlfn.NORM.INV(I68,Satokasvi!$H$8,Satokasvi!$I$8)*_xlfn.BINOM.INV(1,(1-Satokasvi!$H$15),I68) -> 3430.9839 | ... AZ68: =_xlfn.NORM.INV(Z68,Satokasvi!$H$8,Satokasvi!$I$8)*_xlfn.BINOM.INV(1,(1-Satokasvi!$H$15),Z68) -> 3520.2782 | BB68: =IF(C$11="x",0,_xlfn.NORM.INV(B68,Satokasvi!$H$8,Satokasvi!$I$8)*IF(C$8="x",(1+Toimenpiteet!$C$7),1)*IF(C$9="x",(1+Toimenpiteet!$C$34),1)*(1+C$30)*_xlfn.BINOM.INV(1,(1-(Satokasvi!$H$15*(1+C$41))),B68)) -> 2642.857 | BC68: =IF(D$11="x",0,_xlfn.NORM.INV(C68,Satokasvi!$H$8,Satokasvi!$I$8)*IF(D$8="x",(1+Toimenpiteet!$C$7),1)*IF(D$9="x",(1+Toimenpiteet!$C$34),1)*(1+D$30)*_xlfn.BINOM.INV(1,(1-(Satokasvi!$H$15*(1+D$41))),C68)) -> 2316.6363 | BD68: =IF(E$11="x",0,_xlfn.NORM.INV(D68,Satokasvi!$H$8,Satokasvi!$I$8)*IF(E$8="x",(1+Toimenpiteet!$C$7),1)*IF(E$9="x",(1+Toimenpiteet!$C$34),1)*(1+E$30)*_xlfn.BINOM.INV(1,(1-(Satokasvi!$H$15*(1+E$41))),D68)) -> 2680.8372 | BE68: =IF(F$11="x",0,_xlfn.NORM.INV(E68,Satokasvi!$H$8,Satokasvi!$I$8)*IF(F$8="x",(1+Toimenpiteet!$C$7),1)*IF(F$9="x",(1+Toimenpiteet!$C$34),1)*(1+F$30)*_xlfn.BINOM.INV(1,(1-(Satokasvi!$H$15*(1+F$41))),E68)) -> 2752.5805 | BF68: =IF(G$11="x",0,_xlfn.NORM.INV(F68,Satokasvi!$H$8,Satokasvi!$I$8)*IF(G$8="x",(1+Toimenpiteet!$C$7),1)*IF(G$9="x",(1+Toimenpiteet!$C$34),1)*(1+G$30)*_xlfn.BINOM.INV(1,(1-(Satokasvi!$H$15*(1+G$41))),F68)) -> 2597.5679 | BG68: =IF(H$11="x",0,_xlfn.NORM.INV(G68,Satokasvi!$H$8,Satokasvi!$I$8)*IF(H$8="x",(1+Toimenpiteet!$C$7),1)*IF(H$9="x",(1+Toimenpiteet!$C$34),1)*(1+H$30)*_xlfn.BINOM.INV(1,(1-(Satokasvi!$H$15*(1+H$41))),G68)) -> 0 | BH68: =IF(I$11="x",0,_xlfn.NORM.INV(H68,Satokasvi!$H$8,Satokasvi!$I$8)*IF(I$8="x",(1+Toimenpiteet!$C$7),1)*IF(I$9="x",(1+Toimenpiteet!$C$34),1)*(1+I$30)*_xlfn.BINOM.INV(1,(1-(Satokasvi!$H$15*(1+I$41))),H68)) -> 2378.3335 | BI68: =IF(J$11="x",0,_xlfn.NORM.INV(I68,Satokasvi!$H$8,Satokasvi!$I$8)*IF(J$8="x",(1+Toimenpiteet!$C$7),1)*IF(J$9="x",(1+Toimenpiteet!$C$34),1)*(1+J$30)*_xlfn.BINOM.INV(1,(1-(Satokasvi!$H$15*(1+J$41))),I68)) -> 2556.7692 | ... BZ68: =IF(AA$11="x",0,_xlfn.NORM.INV(Z68,Satokasvi!$H$8,Satokasvi!$I$8)*IF(AA$8="x",(1+Toimenpiteet!$C$7),1)*IF(AA$9="x",(1+Toimenpiteet!$C$34),1)*(1+AA$30)*_xlfn.BINOM.INV(1,(1-(Satokasvi!$H$15*(1+AA$41))),Z68)) -> 2623.3113 | CB68: =_xlfn.NORM.INV(RAND(),Satokasvi!$H$13,Satokasvi!$I$13) -> 283.40134 | CC68: =_xlfn.NORM.INV(RAND(),Satokasvi!$H$13,Satokasvi!$I$13) -> 199.88837 | CD68: =_xlfn.NORM.INV(RAND(),Satokasvi!$H$13,Satokasvi!$I$13) -> 223.70841 | CE68: =_xlfn.NORM.INV(RAND(),Satokasvi!$H$13,Satokasvi!$I$13) -> 242.42975 | CF68: =_xlfn.NORM.INV(RAND(),Satokasvi!$H$13,Satokasvi!$I$13) -> 269.75073 | CG68: =_xlfn.NORM.INV(RAND(),Satokasvi!$H$13,Satokasvi!$I$13) -> 185.70827 | CH68: =_xlfn.NORM.INV(RAND(),Satokasvi!$H$13,Satokasvi!$I$13) -> 256.85738 | CI68: =_xlfn.NORM.INV(RAND(),Satokasvi!$H$13,Satokasvi!$I$13) -> 211.19494 | ... CZ68: =_xlfn.NORM.INV(RAND(),Satokasvi!$H$13,Satokasvi!$I$13) -> 251.75439 | DB68: =(AB68*(CB68/1000)+(Satokasvi!$E$28-Satokasvi!$E$7))/(1+$C$13)^DB$61 -> 652.45783 | DC68: =(AC68*(CC68/1000)+(Satokasvi!$E$28-Satokasvi!$E$7))/(1+$C$13)^DC$61 -> 257.58422 | DD68: =(AD68*(CD68/1000)+(Satokasvi!$E$28-Satokasvi!$E$7))/(1+$C$13)^DD$61 -> 416.225 | DE68: =(AE68*(CE68/1000)+(Satokasvi!$E$28-Satokasvi!$E$7))/(1+$C$13)^DE$61 -> 480.29105 | DF68: =(AF68*(CF68/1000)+(Satokasvi!$E$28-Satokasvi!$E$7))/(1+$C$13)^DF$61 -> 499.69105 | DG68: =(AG68*(CG68/1000)+(Satokasvi!$E$28-Satokasvi!$E$7))/(1+$C$13)^DG$61 -> -302.33182 | DH68: =(AH68*(CH68/1000)+(Satokasvi!$E$28-Satokasvi!$E$7))/(1+$C$13)^DH$61 -> 373.02189 | DI68: =(AI68*(CI68/1000)+(Satokasvi!$E$28-Satokasvi!$E$7))/(1+$C$13)^DI$61 -> 287.03428 | ... DZ68: =(AZ68*(CZ68/1000)+(Satokasvi!$E$28-Satokasvi!$E$7))/(1+$C$13)^DZ$61 -> 250.86016 | EB68: =IF(C$11="x",Toimenpiteet!$E$115,BB68*(CB68/1000)+(Satokasvi!$E$28-Satokasvi!$E$7)+IF(C$8="x",Toimenpiteet!$E$29,0)+IF(C$9="x",Toimenpiteet!$E$60,0)+IF(C$10="x",Toimenpiteet!$E$88,0))/(1+$C$13)^EB$61 -> 505.91185 | EC68: =IF(D$11="x",Toimenpiteet!$E$115,BC68*(CC68/1000)+(Satokasvi!$E$28-Satokasvi!$E$7)+IF(D$8="x",Toimenpiteet!$E$29,0)+IF(D$9="x",Toimenpiteet!$E$60,0)+IF(D$10="x",Toimenpiteet!$E$88,0))/(1+$C$13)^EC$61 -> 221.669 | ED68: =IF(E$11="x",Toimenpiteet!$E$115,BD68*(CD68/1000)+(Satokasvi!$E$28-Satokasvi!$E$7)+IF(E$8="x",Toimenpiteet!$E$29,0)+IF(E$9="x",Toimenpiteet!$E$60,0)+IF(E$10="x",Toimenpiteet!$E$88,0))/(1+$C$13)^ED$61 -> 340.2733 | EE68: =IF(F$11="x",Toimenpiteet!$E$115,BE68*(CE68/1000)+(Satokasvi!$E$28-Satokasvi!$E$7)+IF(F$8="x",Toimenpiteet!$E$29,0)+IF(F$9="x",Toimenpiteet!$E$60,0)+IF(F$10="x",Toimenpiteet!$E$88,0))/(1+$C$13)^EE$61 -> 390.40778 | EF68: =IF(G$11="x",Toimenpiteet!$E$115,BF68*(CF68/1000)+(Satokasvi!$E$28-Satokasvi!$E$7)+IF(G$8="x",Toimenpiteet!$E$29,0)+IF(G$9="x",Toimenpiteet!$E$60,0)+IF(G$10="x",Toimenpiteet!$E$88,0))/(1+$C$13)^EF$61 -> 407.83783 | EG68: =IF(H$11="x",Toimenpiteet!$E$115,BG68*(CG68/1000)+(Satokasvi!$E$28-Satokasvi!$E$7)+IF(H$8="x",Toimenpiteet!$E$29,0)+IF(H$9="x",Toimenpiteet!$E$60,0)+IF(H$10="x",Toimenpiteet!$E$88,0))/(1+$C$13)^EG$61 -> -190.86266 | EH68: =IF(I$11="x",Toimenpiteet!$E$115,BH68*(CH68/1000)+(Satokasvi!$E$28-Satokasvi!$E$7)+IF(I$8="x",Toimenpiteet!$E$29,0)+IF(I$9="x",Toimenpiteet!$E$60,0)+IF(I$10="x",Toimenpiteet!$E$88,0))/(1+$C$13)^EH$61 -> 311.40796 | EI68: =IF(J$11="x",Toimenpiteet!$E$115,BI68*(CI68/1000)+(Satokasvi!$E$28-Satokasvi!$E$7)+IF(J$8="x",Toimenpiteet!$E$29,0)+IF(J$9="x",Toimenpiteet!$E$60,0)+IF(J$10="x",Toimenpiteet!$E$88,0))/(1+$C$13)^EI$61 -> 246.35624 | ... EZ68: =IF(AA$11="x",Toimenpiteet!$E$115,BZ68*(CZ68/1000)+(Satokasvi!$E$28-Satokasvi!$E$7)+IF(AA$8="x",Toimenpiteet!$E$29,0)+IF(AA$9="x",Toimenpiteet!$E$60,0)+IF(AA$10="x",Toimenpiteet!$E$88,0))/(1+$C$13)^EZ$61 -> 206.5788 | FB68: =DB68 -> 652.45783 | FC68: =FB68+DC68 -> 910.04204 | FD68: =FC68+DD68 -> 1326.267 | FE68: =FD68+DE68 -> 1806.5581 | FF68: =FE68+DF68 -> 2306.2492 | FG68: =FF68+DG68 -> 2003.9173 | FH68: =FG68+DH68 -> 2376.9392 | FI68: =FH68+DI68 -> 2663.9735 | FJ68: =FI68+DJ68 -> 2767.2014 | ... FZ68: =FY68+DZ68 -> 6214.6595 | GB68: =EB68 -> 505.91185 | GC68: =GB68+EC68 -> 727.58085 | GD68: =GC68+ED68 -> 1067.8541 | GE68: =GD68+EE68 -> 1458.2619 | GF68: =GE68+EF68 -> 1866.0998 | GG68: =GF68+EG68 -> 1675.2371 | GH68: =GG68+EH68 -> 1986.645 | GI68: =GH68+EI68 -> 2233.0013 | GJ68: =GI68+EJ68 -> 2341.4396 | ... GZ68: =GY68+EZ68 -> 5306.3223 | HB68: =_xlfn.XLOOKUP($BE$18,$FB$61:$FZ$61,FB68:FZ68) -> 3227.8564 | HC68: =_xlfn.XLOOKUP($BE$18,$GB$61:$GZ$61,GB68:GZ68) -> 2715.3148 | HF68: =HF67+($BI$11-$BI$10)/9 -> -0.077777778 | HG68: =IF(HG$61<$BI$9,$HF68/$BI$9*HG$61,$HF68/$BI$9*$BI$9) -> -0.0077777778 | HH68: =IF(HH$61<$BI$9,$HF68/$BI$9*HH$61,$HF68/$BI$9*$BI$9) -> -0.015555556 | HI68: =IF(HI$61<$BI$9,$HF68/$BI$9*HI$61,$HF68/$BI$9*$BI$9) -> -0.023333333 | HJ68: =IF(HJ$61<$BI$9,$HF68/$BI$9*HJ$61,$HF68/$BI$9*$BI$9) -> -0.031111111 | HK68: =IF(HK$61<$BI$9,$HF68/$BI$9*HK$61,$HF68/$BI$9*$BI$9) -> -0.038888889 | HL68: =IF(HL$61<$BI$9,$HF68/$BI$9*HL$61,$HF68/$BI$9*$BI$9) -> -0.046666667 | HM68: =IF(HM$61<$BI$9,$HF68/$BI$9*HM$61,$HF68/$BI$9*$BI$9) -> -0.054444444 | HN68: =IF(HN$61<$BI$9,$HF68/$BI$9*HN$61,$HF68/$BI$9*$BI$9) -> -0.062222222 | ... IE68: =IF(IE$61<$BI$9,$HF68/$BI$9*IE$61,$HF68/$BI$9*$BI$9) -> -0.077777778
B69: =RAND() -> 0.024606472 | C69: =RAND() -> 0.53616412 | D69: =RAND() -> 0.98167939 | E69: =RAND() -> 0.54910347 | F69: =RAND() -> 0.61125851 | G69: =RAND() -> 0.60273656 | H69: =RAND() -> 0.10556107 | I69: =RAND() -> 0.22679101 | ... Z69: =RAND() -> 0.0044454361 | AB69: =_xlfn.NORM.INV(B69,Satokasvi!$H$8,Satokasvi!$I$8)*_xlfn.BINOM.INV(1,(1-Satokasvi!$H$15),B69) -> 0 | AC69: =_xlfn.NORM.INV(C69,Satokasvi!$H$8,Satokasvi!$I$8)*_xlfn.BINOM.INV(1,(1-Satokasvi!$H$15),C69) -> 3522.6936 | AD69: =_xlfn.NORM.INV(D69,Satokasvi!$H$8,Satokasvi!$I$8)*_xlfn.BINOM.INV(1,(1-Satokasvi!$H$15),D69) -> 4022.4349 | AE69: =_xlfn.NORM.INV(E69,Satokasvi!$H$8,Satokasvi!$I$8)*_xlfn.BINOM.INV(1,(1-Satokasvi!$H$15),E69) -> 3530.8491 | AF69: =_xlfn.NORM.INV(F69,Satokasvi!$H$8,Satokasvi!$I$8)*_xlfn.BINOM.INV(1,(1-Satokasvi!$H$15),F69) -> 3570.6502 | AG69: =_xlfn.NORM.INV(G69,Satokasvi!$H$8,Satokasvi!$I$8)*_xlfn.BINOM.INV(1,(1-Satokasvi!$H$15),G69) -> 3565.1092 | AH69: =_xlfn.NORM.INV(H69,Satokasvi!$H$8,Satokasvi!$I$8)*_xlfn.BINOM.INV(1,(1-Satokasvi!$H$15),H69) -> 3187.3786 | AI69: =_xlfn.NORM.INV(I69,Satokasvi!$H$8,Satokasvi!$I$8)*_xlfn.BINOM.INV(1,(1-Satokasvi!$H$15),I69) -> 3312.6358 | ... AZ69: =_xlfn.NORM.INV(Z69,Satokasvi!$H$8,Satokasvi!$I$8)*_xlfn.BINOM.INV(1,(1-Satokasvi!$H$15),Z69) -> 0 | BB69: =IF(C$11="x",0,_xlfn.NORM.INV(B69,Satokasvi!$H$8,Satokasvi!$I$8)*IF(C$8="x",(1+Toimenpiteet!$C$7),1)*IF(C$9="x",(1+Toimenpiteet!$C$34),1)*(1+C$30)*_xlfn.BINOM.INV(1,(1-(Satokasvi!$H$15*(1+C$41))),B69)) -> 0 | BC69: =IF(D$11="x",0,_xlfn.NORM.INV(C69,Satokasvi!$H$8,Satokasvi!$I$8)*IF(D$8="x",(1+Toimenpiteet!$C$7),1)*IF(D$9="x",(1+Toimenpiteet!$C$34),1)*(1+D$30)*_xlfn.BINOM.INV(1,(1-(Satokasvi!$H$15*(1+D$41))),C69)) -> 2571.8482 | BD69: =IF(E$11="x",0,_xlfn.NORM.INV(D69,Satokasvi!$H$8,Satokasvi!$I$8)*IF(E$8="x",(1+Toimenpiteet!$C$7),1)*IF(E$9="x",(1+Toimenpiteet!$C$34),1)*(1+E$30)*_xlfn.BINOM.INV(1,(1-(Satokasvi!$H$15*(1+E$41))),D69)) -> 2956.9723 | BE69: =IF(F$11="x",0,_xlfn.NORM.INV(E69,Satokasvi!$H$8,Satokasvi!$I$8)*IF(F$8="x",(1+Toimenpiteet!$C$7),1)*IF(F$9="x",(1+Toimenpiteet!$C$34),1)*(1+F$30)*_xlfn.BINOM.INV(1,(1-(Satokasvi!$H$15*(1+F$41))),E69)) -> 2613.3933 | BF69: =IF(G$11="x",0,_xlfn.NORM.INV(F69,Satokasvi!$H$8,Satokasvi!$I$8)*IF(G$8="x",(1+Toimenpiteet!$C$7),1)*IF(G$9="x",(1+Toimenpiteet!$C$34),1)*(1+G$30)*_xlfn.BINOM.INV(1,(1-(Satokasvi!$H$15*(1+G$41))),F69)) -> 2660.8485 | BG69: =IF(H$11="x",0,_xlfn.NORM.INV(G69,Satokasvi!$H$8,Satokasvi!$I$8)*IF(H$8="x",(1+Toimenpiteet!$C$7),1)*IF(H$9="x",(1+Toimenpiteet!$C$34),1)*(1+H$30)*_xlfn.BINOM.INV(1,(1-(Satokasvi!$H$15*(1+H$41))),G69)) -> 2656.7194 | BH69: =IF(I$11="x",0,_xlfn.NORM.INV(H69,Satokasvi!$H$8,Satokasvi!$I$8)*IF(I$8="x",(1+Toimenpiteet!$C$7),1)*IF(I$9="x",(1+Toimenpiteet!$C$34),1)*(1+I$30)*_xlfn.BINOM.INV(1,(1-(Satokasvi!$H$15*(1+I$41))),H69)) -> 2375.2345 | BI69: =IF(J$11="x",0,_xlfn.NORM.INV(I69,Satokasvi!$H$8,Satokasvi!$I$8)*IF(J$8="x",(1+Toimenpiteet!$C$7),1)*IF(J$9="x",(1+Toimenpiteet!$C$34),1)*(1+J$30)*_xlfn.BINOM.INV(1,(1-(Satokasvi!$H$15*(1+J$41))),I69)) -> 2468.5762 | ... BZ69: =IF(AA$11="x",0,_xlfn.NORM.INV(Z69,Satokasvi!$H$8,Satokasvi!$I$8)*IF(AA$8="x",(1+Toimenpiteet!$C$7),1)*IF(AA$9="x",(1+Toimenpiteet!$C$34),1)*(1+AA$30)*_xlfn.BINOM.INV(1,(1-(Satokasvi!$H$15*(1+AA$41))),Z69)) -> 0 | CB69: =_xlfn.NORM.INV(RAND(),Satokasvi!$H$13,Satokasvi!$I$13) -> 248.42841 | CC69: =_xlfn.NORM.INV(RAND(),Satokasvi!$H$13,Satokasvi!$I$13) -> 191.54339 | CD69: =_xlfn.NORM.INV(RAND(),Satokasvi!$H$13,Satokasvi!$I$13) -> 150.35713 | CE69: =_xlfn.NORM.INV(RAND(),Satokasvi!$H$13,Satokasvi!$I$13) -> 164.77031 | CF69: =_xlfn.NORM.INV(RAND(),Satokasvi!$H$13,Satokasvi!$I$13) -> 235.53625 | CG69: =_xlfn.NORM.INV(RAND(),Satokasvi!$H$13,Satokasvi!$I$13) -> 200.39251 | CH69: =_xlfn.NORM.INV(RAND(),Satokasvi!$H$13,Satokasvi!$I$13) -> 218.24097 | CI69: =_xlfn.NORM.INV(RAND(),Satokasvi!$H$13,Satokasvi!$I$13) -> 303.62912 | ... CZ69: =_xlfn.NORM.INV(RAND(),Satokasvi!$H$13,Satokasvi!$I$13) -> 186.11783 | DB69: =(AB69*(CB69/1000)+(Satokasvi!$E$28-Satokasvi!$E$7))/(1+$C$13)^DB$61 -> -350.48544 | DC69: =(AC69*(CC69/1000)+(Satokasvi!$E$28-Satokasvi!$E$7))/(1+$C$13)^DC$61 -> 295.73822 | DD69: =(AD69*(CD69/1000)+(Satokasvi!$E$28-Satokasvi!$E$7))/(1+$C$13)^DD$61 -> 223.11315 | DE69: =(AE69*(CE69/1000)+(Satokasvi!$E$28-Satokasvi!$E$7))/(1+$C$13)^DE$61 -> 196.15939 | DF69: =(AF69*(CF69/1000)+(Satokasvi!$E$28-Satokasvi!$E$7))/(1+$C$13)^DF$61 -> 414.06735 | DG69: =(AG69*(CG69/1000)+(Satokasvi!$E$28-Satokasvi!$E$7))/(1+$C$13)^DG$61 -> 295.98466 | DH69: =(AH69*(CH69/1000)+(Satokasvi!$E$28-Satokasvi!$E$7))/(1+$C$13)^DH$61 -> 272.07392 | DI69: =(AI69*(CI69/1000)+(Satokasvi!$E$28-Satokasvi!$E$7))/(1+$C$13)^DI$61 -> 509.0211 | ... DZ69: =(AZ69*(CZ69/1000)+(Satokasvi!$E$28-Satokasvi!$E$7))/(1+$C$13)^DZ$61 -> -172.41561 | EB69: =IF(C$11="x",Toimenpiteet!$E$115,BB69*(CB69/1000)+(Satokasvi!$E$28-Satokasvi!$E$7)+IF(C$8="x",Toimenpiteet!$E$29,0)+IF(C$9="x",Toimenpiteet!$E$60,0)+IF(C$10="x",Toimenpiteet!$E$88,0))/(1+$C$13)^EB$61 -> -221.26214 | EC69: =IF(D$11="x",Toimenpiteet!$E$115,BC69*(CC69/1000)+(Satokasvi!$E$28-Satokasvi!$E$7)+IF(D$8="x",Toimenpiteet!$E$29,0)+IF(D$9="x",Toimenpiteet!$E$60,0)+IF(D$10="x",Toimenpiteet!$E$88,0))/(1+$C$13)^EC$61 -> 249.52447 | ED69: =IF(E$11="x",Toimenpiteet!$E$115,BD69*(CD69/1000)+(Satokasvi!$E$28-Satokasvi!$E$7)+IF(E$8="x",Toimenpiteet!$E$29,0)+IF(E$9="x",Toimenpiteet!$E$60,0)+IF(E$10="x",Toimenpiteet!$E$88,0))/(1+$C$13)^ED$61 -> 198.31291 | EE69: =IF(F$11="x",Toimenpiteet!$E$115,BE69*(CE69/1000)+(Satokasvi!$E$28-Satokasvi!$E$7)+IF(F$8="x",Toimenpiteet!$E$29,0)+IF(F$9="x",Toimenpiteet!$E$60,0)+IF(F$10="x",Toimenpiteet!$E$88,0))/(1+$C$13)^EE$61 -> 180.10489 | EF69: =IF(G$11="x",Toimenpiteet!$E$115,BF69*(CF69/1000)+(Satokasvi!$E$28-Satokasvi!$E$7)+IF(G$8="x",Toimenpiteet!$E$29,0)+IF(G$9="x",Toimenpiteet!$E$60,0)+IF(G$10="x",Toimenpiteet!$E$88,0))/(1+$C$13)^EF$61 -> 344.03104 | EG69: =IF(H$11="x",Toimenpiteet!$E$115,BG69*(CG69/1000)+(Satokasvi!$E$28-Satokasvi!$E$7)+IF(H$8="x",Toimenpiteet!$E$29,0)+IF(H$9="x",Toimenpiteet!$E$60,0)+IF(H$10="x",Toimenpiteet!$E$88,0))/(1+$C$13)^EG$61 -> 255.00278 | EH69: =IF(I$11="x",Toimenpiteet!$E$115,BH69*(CH69/1000)+(Satokasvi!$E$28-Satokasvi!$E$7)+IF(I$8="x",Toimenpiteet!$E$29,0)+IF(I$9="x",Toimenpiteet!$E$60,0)+IF(I$10="x",Toimenpiteet!$E$88,0))/(1+$C$13)^EH$61 -> 236.18153 | EI69: =IF(J$11="x",Toimenpiteet!$E$115,BI69*(CI69/1000)+(Satokasvi!$E$28-Satokasvi!$E$7)+IF(J$8="x",Toimenpiteet!$E$29,0)+IF(J$9="x",Toimenpiteet!$E$60,0)+IF(J$10="x",Toimenpiteet!$E$88,0))/(1+$C$13)^EI$61 -> 411.78082 | ... EZ69: =IF(AA$11="x",Toimenpiteet!$E$115,BZ69*(CZ69/1000)+(Satokasvi!$E$28-Satokasvi!$E$7)+IF(AA$8="x",Toimenpiteet!$E$29,0)+IF(AA$9="x",Toimenpiteet!$E$60,0)+IF(AA$10="x",Toimenpiteet!$E$88,0))/(1+$C$13)^EZ$61 -> -108.84631 | FB69: =DB69 -> -350.48544 | FC69: =FB69+DC69 -> -54.747217 | FD69: =FC69+DD69 -> 168.36593 | FE69: =FD69+DE69 -> 364.52532 | FF69: =FE69+DF69 -> 778.59267 | FG69: =FF69+DG69 -> 1074.5773 | FH69: =FG69+DH69 -> 1346.6512 | FI69: =FH69+DI69 -> 1855.6723 | FJ69: =FI69+DJ69 -> 2130.0531 | ... FZ69: =FY69+DZ69 -> 4246.5634 | GB69: =EB69 -> -221.26214 | GC69: =GB69+EC69 -> 28.262338 | GD69: =GC69+ED69 -> 226.57525 | GE69: =GD69+EE69 -> 406.68013 | GF69: =GE69+EF69 -> 750.71118 | GG69: =GF69+EG69 -> 1005.714 | GH69: =GG69+EH69 -> 1241.8955 | GI69: =GH69+EI69 -> 1653.6763 | GJ69: =GI69+EJ69 -> 1889.6578 | ... GZ69: =GY69+EZ69 -> 3862.7181 | HB69: =_xlfn.XLOOKUP($BE$18,$FB$61:$FZ$61,FB69:FZ69) -> 2371.2681 | HC69: =_xlfn.XLOOKUP($BE$18,$GB$61:$GZ$61,GB69:GZ69) -> 2100.0062 | HF69: =HF68+($BI$11-$BI$10)/9 -> -0.055555556 | HG69: =IF(HG$61<$BI$9,$HF69/$BI$9*HG$61,$HF69/$BI$9*$BI$9) -> -0.0055555556 | HH69: =IF(HH$61<$BI$9,$HF69/$BI$9*HH$61,$HF69/$BI$9*$BI$9) -> -0.011111111 | HI69: =IF(HI$61<$BI$9,$HF69/$BI$9*HI$61,$HF69/$BI$9*$BI$9) -> -0.016666667 | HJ69: =IF(HJ$61<$BI$9,$HF69/$BI$9*HJ$61,$HF69/$BI$9*$BI$9) -> -0.022222222 | HK69: =IF(HK$61<$BI$9,$HF69/$BI$9*HK$61,$HF69/$BI$9*$BI$9) -> -0.027777778 | HL69: =IF(HL$61<$BI$9,$HF69/$BI$9*HL$61,$HF69/$BI$9*$BI$9) -> -0.033333333 | HM69: =IF(HM$61<$BI$9,$HF69/$BI$9*HM$61,$HF69/$BI$9*$BI$9) -> -0.038888889 | HN69: =IF(HN$61<$BI$9,$HF69/$BI$9*HN$61,$HF69/$BI$9*$BI$9) -> -0.044444444 | ... IE69: =IF(IE$61<$BI$9,$HF69/$BI$9*IE$61,$HF69/$BI$9*$BI$9) -> -0.055555556
B70: =RAND() -> 0.79741563 | C70: =RAND() -> 0.69322415 | D70: =RAND() -> 0.036967903 | E70: =RAND() -> 0.001420478 | F70: =RAND() -> 0.040242458 | G70: =RAND() -> 0.66953257 | H70: =RAND() -> 0.016316241 | I70: =RAND() -> 0.86985561 | ... Z70: =RAND() -> 0.064949213 | AB70: =_xlfn.NORM.INV(B70,Satokasvi!$H$8,Satokasvi!$I$8)*_xlfn.BINOM.INV(1,(1-Satokasvi!$H$15),B70) -> 3708.1064 | AC70: =_xlfn.NORM.INV(C70,Satokasvi!$H$8,Satokasvi!$I$8)*_xlfn.BINOM.INV(1,(1-Satokasvi!$H$15),C70) -> 3626.2525 | AD70: =_xlfn.NORM.INV(D70,Satokasvi!$H$8,Satokasvi!$I$8)*_xlfn.BINOM.INV(1,(1-Satokasvi!$H$15),D70) -> 0 | AE70: =_xlfn.NORM.INV(E70,Satokasvi!$H$8,Satokasvi!$I$8)*_xlfn.BINOM.INV(1,(1-Satokasvi!$H$15),E70) -> 0 | AF70: =_xlfn.NORM.INV(F70,Satokasvi!$H$8,Satokasvi!$I$8)*_xlfn.BINOM.INV(1,(1-Satokasvi!$H$15),F70) -> 0 | AG70: =_xlfn.NORM.INV(G70,Satokasvi!$H$8,Satokasvi!$I$8)*_xlfn.BINOM.INV(1,(1-Satokasvi!$H$15),G70) -> 3609.6557 | AH70: =_xlfn.NORM.INV(H70,Satokasvi!$H$8,Satokasvi!$I$8)*_xlfn.BINOM.INV(1,(1-Satokasvi!$H$15),H70) -> 0 | AI70: =_xlfn.NORM.INV(I70,Satokasvi!$H$8,Satokasvi!$I$8)*_xlfn.BINOM.INV(1,(1-Satokasvi!$H$15),I70) -> 3781.4272 | ... AZ70: =_xlfn.NORM.INV(Z70,Satokasvi!$H$8,Satokasvi!$I$8)*_xlfn.BINOM.INV(1,(1-Satokasvi!$H$15),Z70) -> 3121.3744 | BB70: =IF(C$11="x",0,_xlfn.NORM.INV(B70,Satokasvi!$H$8,Satokasvi!$I$8)*IF(C$8="x",(1+Toimenpiteet!$C$7),1)*IF(C$9="x",(1+Toimenpiteet!$C$34),1)*(1+C$30)*_xlfn.BINOM.INV(1,(1-(Satokasvi!$H$15*(1+C$41))),B70)) -> 2688.5255 | BC70: =IF(D$11="x",0,_xlfn.NORM.INV(C70,Satokasvi!$H$8,Satokasvi!$I$8)*IF(D$8="x",(1+Toimenpiteet!$C$7),1)*IF(D$9="x",(1+Toimenpiteet!$C$34),1)*(1+D$30)*_xlfn.BINOM.INV(1,(1-(Satokasvi!$H$15*(1+D$41))),C70)) -> 2647.4545 | BD70: =IF(E$11="x",0,_xlfn.NORM.INV(D70,Satokasvi!$H$8,Satokasvi!$I$8)*IF(E$8="x",(1+Toimenpiteet!$C$7),1)*IF(E$9="x",(1+Toimenpiteet!$C$34),1)*(1+E$30)*_xlfn.BINOM.INV(1,(1-(Satokasvi!$H$15*(1+E$41))),D70)) -> 0 | BE70: =IF(F$11="x",0,_xlfn.NORM.INV(E70,Satokasvi!$H$8,Satokasvi!$I$8)*IF(F$8="x",(1+Toimenpiteet!$C$7),1)*IF(F$9="x",(1+Toimenpiteet!$C$34),1)*(1+F$30)*_xlfn.BINOM.INV(1,(1-(Satokasvi!$H$15*(1+F$41))),E70)) -> 0 | BF70: =IF(G$11="x",0,_xlfn.NORM.INV(F70,Satokasvi!$H$8,Satokasvi!$I$8)*IF(G$8="x",(1+Toimenpiteet!$C$7),1)*IF(G$9="x",(1+Toimenpiteet!$C$34),1)*(1+G$30)*_xlfn.BINOM.INV(1,(1-(Satokasvi!$H$15*(1+G$41))),F70)) -> 0 | BG70: =IF(H$11="x",0,_xlfn.NORM.INV(G70,Satokasvi!$H$8,Satokasvi!$I$8)*IF(H$8="x",(1+Toimenpiteet!$C$7),1)*IF(H$9="x",(1+Toimenpiteet!$C$34),1)*(1+H$30)*_xlfn.BINOM.INV(1,(1-(Satokasvi!$H$15*(1+H$41))),G70)) -> 2689.9154 | BH70: =IF(I$11="x",0,_xlfn.NORM.INV(H70,Satokasvi!$H$8,Satokasvi!$I$8)*IF(I$8="x",(1+Toimenpiteet!$C$7),1)*IF(I$9="x",(1+Toimenpiteet!$C$34),1)*(1+I$30)*_xlfn.BINOM.INV(1,(1-(Satokasvi!$H$15*(1+I$41))),H70)) -> 0 | BI70: =IF(J$11="x",0,_xlfn.NORM.INV(I70,Satokasvi!$H$8,Satokasvi!$I$8)*IF(J$8="x",(1+Toimenpiteet!$C$7),1)*IF(J$9="x",(1+Toimenpiteet!$C$34),1)*(1+J$30)*_xlfn.BINOM.INV(1,(1-(Satokasvi!$H$15*(1+J$41))),I70)) -> 2817.9196 | ... BZ70: =IF(AA$11="x",0,_xlfn.NORM.INV(Z70,Satokasvi!$H$8,Satokasvi!$I$8)*IF(AA$8="x",(1+Toimenpiteet!$C$7),1)*IF(AA$9="x",(1+Toimenpiteet!$C$34),1)*(1+AA$30)*_xlfn.BINOM.INV(1,(1-(Satokasvi!$H$15*(1+AA$41))),Z70)) -> 2326.0482 | CB70: =_xlfn.NORM.INV(RAND(),Satokasvi!$H$13,Satokasvi!$I$13) -> 126.97621 | CC70: =_xlfn.NORM.INV(RAND(),Satokasvi!$H$13,Satokasvi!$I$13) -> 187.86652 | CD70: =_xlfn.NORM.INV(RAND(),Satokasvi!$H$13,Satokasvi!$I$13) -> 245.3149 | CE70: =_xlfn.NORM.INV(RAND(),Satokasvi!$H$13,Satokasvi!$I$13) -> 206.09295 | CF70: =_xlfn.NORM.INV(RAND(),Satokasvi!$H$13,Satokasvi!$I$13) -> 247.47428 | CG70: =_xlfn.NORM.INV(RAND(),Satokasvi!$H$13,Satokasvi!$I$13) -> 178.50294 | CH70: =_xlfn.NORM.INV(RAND(),Satokasvi!$H$13,Satokasvi!$I$13) -> 217.35224 | CI70: =_xlfn.NORM.INV(RAND(),Satokasvi!$H$13,Satokasvi!$I$13) -> 244.84488 | ... CZ70: =_xlfn.NORM.INV(RAND(),Satokasvi!$H$13,Satokasvi!$I$13) -> 250.34227 | DB70: =(AB70*(CB70/1000)+(Satokasvi!$E$28-Satokasvi!$E$7))/(1+$C$13)^DB$61 -> 106.64203 | DC70: =(AC70*(CC70/1000)+(Satokasvi!$E$28-Satokasvi!$E$7))/(1+$C$13)^DC$61 -> 301.8677 | DD70: =(AD70*(CD70/1000)+(Satokasvi!$E$28-Satokasvi!$E$7))/(1+$C$13)^DD$61 -> -330.36614 | DE70: =(AE70*(CE70/1000)+(Satokasvi!$E$28-Satokasvi!$E$7))/(1+$C$13)^DE$61 -> -320.74382 | DF70: =(AF70*(CF70/1000)+(Satokasvi!$E$28-Satokasvi!$E$7))/(1+$C$13)^DF$61 -> -311.40177 | DG70: =(AG70*(CG70/1000)+(Satokasvi!$E$28-Satokasvi!$E$7))/(1+$C$13)^DG$61 -> 237.28789 | DH70: =(AH70*(CH70/1000)+(Satokasvi!$E$28-Satokasvi!$E$7))/(1+$C$13)^DH$61 -> -293.52604 | DI70: =(AI70*(CI70/1000)+(Satokasvi!$E$28-Satokasvi!$E$7))/(1+$C$13)^DI$61 -> 445.90815 | ... DZ70: =(AZ70*(CZ70/1000)+(Satokasvi!$E$28-Satokasvi!$E$7))/(1+$C$13)^DZ$61 -> 200.79108 | EB70: =IF(C$11="x",Toimenpiteet!$E$115,BB70*(CB70/1000)+(Satokasvi!$E$28-Satokasvi!$E$7)+IF(C$8="x",Toimenpiteet!$E$29,0)+IF(C$9="x",Toimenpiteet!$E$60,0)+IF(C$10="x",Toimenpiteet!$E$88,0))/(1+$C$13)^EB$61 -> 110.17356 | EC70: =IF(D$11="x",Toimenpiteet!$E$115,BC70*(CC70/1000)+(Satokasvi!$E$28-Satokasvi!$E$7)+IF(D$8="x",Toimenpiteet!$E$29,0)+IF(D$9="x",Toimenpiteet!$E$60,0)+IF(D$10="x",Toimenpiteet!$E$88,0))/(1+$C$13)^EC$61 -> 253.99948 | ED70: =IF(E$11="x",Toimenpiteet!$E$115,BD70*(CD70/1000)+(Satokasvi!$E$28-Satokasvi!$E$7)+IF(E$8="x",Toimenpiteet!$E$29,0)+IF(E$9="x",Toimenpiteet!$E$60,0)+IF(E$10="x",Toimenpiteet!$E$88,0))/(1+$C$13)^ED$61 -> -208.56078 | EE70: =IF(F$11="x",Toimenpiteet!$E$115,BE70*(CE70/1000)+(Satokasvi!$E$28-Satokasvi!$E$7)+IF(F$8="x",Toimenpiteet!$E$29,0)+IF(F$9="x",Toimenpiteet!$E$60,0)+IF(F$10="x",Toimenpiteet!$E$88,0))/(1+$C$13)^EE$61 -> -202.4862 | EF70: =IF(G$11="x",Toimenpiteet!$E$115,BF70*(CF70/1000)+(Satokasvi!$E$28-Satokasvi!$E$7)+IF(G$8="x",Toimenpiteet!$E$29,0)+IF(G$9="x",Toimenpiteet!$E$60,0)+IF(G$10="x",Toimenpiteet!$E$88,0))/(1+$C$13)^EF$61 -> -196.58854 | EG70: =IF(H$11="x",Toimenpiteet!$E$115,BG70*(CG70/1000)+(Satokasvi!$E$28-Satokasvi!$E$7)+IF(H$8="x",Toimenpiteet!$E$29,0)+IF(H$9="x",Toimenpiteet!$E$60,0)+IF(H$10="x",Toimenpiteet!$E$88,0))/(1+$C$13)^EG$61 -> 211.26195 | EH70: =IF(I$11="x",Toimenpiteet!$E$115,BH70*(CH70/1000)+(Satokasvi!$E$28-Satokasvi!$E$7)+IF(I$8="x",Toimenpiteet!$E$29,0)+IF(I$9="x",Toimenpiteet!$E$60,0)+IF(I$10="x",Toimenpiteet!$E$88,0))/(1+$C$13)^EH$61 -> -185.30356 | EI70: =IF(J$11="x",Toimenpiteet!$E$115,BI70*(CI70/1000)+(Satokasvi!$E$28-Satokasvi!$E$7)+IF(J$8="x",Toimenpiteet!$E$29,0)+IF(J$9="x",Toimenpiteet!$E$60,0)+IF(J$10="x",Toimenpiteet!$E$88,0))/(1+$C$13)^EI$61 -> 364.74905 | ... EZ70: =IF(AA$11="x",Toimenpiteet!$E$115,BZ70*(CZ70/1000)+(Satokasvi!$E$28-Satokasvi!$E$7)+IF(AA$8="x",Toimenpiteet!$E$29,0)+IF(AA$9="x",Toimenpiteet!$E$60,0)+IF(AA$10="x",Toimenpiteet!$E$88,0))/(1+$C$13)^EZ$61 -> 169.26732 | FB70: =DB70 -> 106.64203 | FC70: =FB70+DC70 -> 408.50973 | FD70: =FC70+DD70 -> 78.143589 | FE70: =FD70+DE70 -> -242.60024 | FF70: =FE70+DF70 -> -554.00201 | FG70: =FF70+DG70 -> -316.71411 | FH70: =FG70+DH70 -> -610.24015 | FI70: =FH70+DI70 -> -164.332 | FJ70: =FI70+DJ70 -> 11.921638 | ... FZ70: =FY70+DZ70 -> 2178.7961 | GB70: =EB70 -> 110.17356 | GC70: =GB70+EC70 -> 364.17305 | GD70: =GC70+ED70 -> 155.61226 | GE70: =GD70+EE70 -> -46.873936 | GF70: =GE70+EF70 -> -243.46248 | GG70: =GF70+EG70 -> -32.200533 | GH70: =GG70+EH70 -> -217.50409 | GI70: =GH70+EI70 -> 147.24496 | GJ70: =GI70+EJ70 -> 310.10208 | ... GZ70: =GY70+EZ70 -> 2320.6938 | HB70: =_xlfn.XLOOKUP($BE$18,$FB$61:$FZ$61,FB70:FZ70) -> -256.69627 | HC70: =_xlfn.XLOOKUP($BE$18,$GB$61:$GZ$61,GB70:GZ70) -> 140.52308 | HF70: =HF69+($BI$11-$BI$10)/9 -> -0.033333333 | HG70: =IF(HG$61<$BI$9,$HF70/$BI$9*HG$61,$HF70/$BI$9*$BI$9) -> -0.0033333333 | HH70: =IF(HH$61<$BI$9,$HF70/$BI$9*HH$61,$HF70/$BI$9*$BI$9) -> -0.0066666667 | HI70: =IF(HI$61<$BI$9,$HF70/$BI$9*HI$61,$HF70/$BI$9*$BI$9) -> -0.01 | HJ70: =IF(HJ$61<$BI$9,$HF70/$BI$9*HJ$61,$HF70/$BI$9*$BI$9) -> -0.013333333 | HK70: =IF(HK$61<$BI$9,$HF70/$BI$9*HK$61,$HF70/$BI$9*$BI$9) -> -0.016666667 | HL70: =IF(HL$61<$BI$9,$HF70/$BI$9*HL$61,$HF70/$BI$9*$BI$9) -> -0.02 | HM70: =IF(HM$61<$BI$9,$HF70/$BI$9*HM$61,$HF70/$BI$9*$BI$9) -> -0.023333333 | HN70: =IF(HN$61<$BI$9,$HF70/$BI$9*HN$61,$HF70/$BI$9*$BI$9) -> -0.026666667 | ... IE70: =IF(IE$61<$BI$9,$HF70/$BI$9*IE$61,$HF70/$BI$9*$BI$9) -> -0.033333333
B71: =RAND() -> 0.20564246 | C71: =RAND() -> 0.63047081 | D71: =RAND() -> 0.40153666 | E71: =RAND() -> 0.63830097 | F71: =RAND() -> 0.58573083 | G71: =RAND() -> 0.77720518 | H71: =RAND() -> 0.87182049 | I71: =RAND() -> 0.36836606 | ... Z71: =RAND() -> 0.48778758 | AB71: =_xlfn.NORM.INV(B71,Satokasvi!$H$8,Satokasvi!$I$8)*_xlfn.BINOM.INV(1,(1-Satokasvi!$H$15),B71) -> 3294.5914 | AC71: =_xlfn.NORM.INV(C71,Satokasvi!$H$8,Satokasvi!$I$8)*_xlfn.BINOM.INV(1,(1-Satokasvi!$H$15),C71) -> 3583.2751 | AD71: =_xlfn.NORM.INV(D71,Satokasvi!$H$8,Satokasvi!$I$8)*_xlfn.BINOM.INV(1,(1-Satokasvi!$H$15),D71) -> 3437.6571 | AE71: =_xlfn.NORM.INV(E71,Satokasvi!$H$8,Satokasvi!$I$8)*_xlfn.BINOM.INV(1,(1-Satokasvi!$H$15),E71) -> 3588.4803 | AF71: =_xlfn.NORM.INV(F71,Satokasvi!$H$8,Satokasvi!$I$8)*_xlfn.BINOM.INV(1,(1-Satokasvi!$H$15),F71) -> 3554.1441 | AG71: =_xlfn.NORM.INV(G71,Satokasvi!$H$8,Satokasvi!$I$8)*_xlfn.BINOM.INV(1,(1-Satokasvi!$H$15),G71) -> 3690.6971 | AH71: =_xlfn.NORM.INV(H71,Satokasvi!$H$8,Satokasvi!$I$8)*_xlfn.BINOM.INV(1,(1-Satokasvi!$H$15),H71) -> 3783.7597 | AI71: =_xlfn.NORM.INV(I71,Satokasvi!$H$8,Satokasvi!$I$8)*_xlfn.BINOM.INV(1,(1-Satokasvi!$H$15),I71) -> 3415.954 | ... AZ71: =_xlfn.NORM.INV(Z71,Satokasvi!$H$8,Satokasvi!$I$8)*_xlfn.BINOM.INV(1,(1-Satokasvi!$H$15),Z71) -> 3492.3458 | BB71: =IF(C$11="x",0,_xlfn.NORM.INV(B71,Satokasvi!$H$8,Satokasvi!$I$8)*IF(C$8="x",(1+Toimenpiteet!$C$7),1)*IF(C$9="x",(1+Toimenpiteet!$C$34),1)*(1+C$30)*_xlfn.BINOM.INV(1,(1-(Satokasvi!$H$15*(1+C$41))),B71)) -> 2388.7105 | BC71: =IF(D$11="x",0,_xlfn.NORM.INV(C71,Satokasvi!$H$8,Satokasvi!$I$8)*IF(D$8="x",(1+Toimenpiteet!$C$7),1)*IF(D$9="x",(1+Toimenpiteet!$C$34),1)*(1+D$30)*_xlfn.BINOM.INV(1,(1-(Satokasvi!$H$15*(1+D$41))),C71)) -> 2616.0775 | BD71: =IF(E$11="x",0,_xlfn.NORM.INV(D71,Satokasvi!$H$8,Satokasvi!$I$8)*IF(E$8="x",(1+Toimenpiteet!$C$7),1)*IF(E$9="x",(1+Toimenpiteet!$C$34),1)*(1+E$30)*_xlfn.BINOM.INV(1,(1-(Satokasvi!$H$15*(1+E$41))),D71)) -> 2527.0905 | BE71: =IF(F$11="x",0,_xlfn.NORM.INV(E71,Satokasvi!$H$8,Satokasvi!$I$8)*IF(F$8="x",(1+Toimenpiteet!$C$7),1)*IF(F$9="x",(1+Toimenpiteet!$C$34),1)*(1+F$30)*_xlfn.BINOM.INV(1,(1-(Satokasvi!$H$15*(1+F$41))),E71)) -> 2656.0496 | BF71: =IF(G$11="x",0,_xlfn.NORM.INV(F71,Satokasvi!$H$8,Satokasvi!$I$8)*IF(G$8="x",(1+Toimenpiteet!$C$7),1)*IF(G$9="x",(1+Toimenpiteet!$C$34),1)*(1+G$30)*_xlfn.BINOM.INV(1,(1-(Satokasvi!$H$15*(1+G$41))),F71)) -> 2648.5482 | BG71: =IF(H$11="x",0,_xlfn.NORM.INV(G71,Satokasvi!$H$8,Satokasvi!$I$8)*IF(H$8="x",(1+Toimenpiteet!$C$7),1)*IF(H$9="x",(1+Toimenpiteet!$C$34),1)*(1+H$30)*_xlfn.BINOM.INV(1,(1-(Satokasvi!$H$15*(1+H$41))),G71)) -> 2750.3075 | BH71: =IF(I$11="x",0,_xlfn.NORM.INV(H71,Satokasvi!$H$8,Satokasvi!$I$8)*IF(I$8="x",(1+Toimenpiteet!$C$7),1)*IF(I$9="x",(1+Toimenpiteet!$C$34),1)*(1+I$30)*_xlfn.BINOM.INV(1,(1-(Satokasvi!$H$15*(1+I$41))),H71)) -> 2819.6577 | BI71: =IF(J$11="x",0,_xlfn.NORM.INV(I71,Satokasvi!$H$8,Satokasvi!$I$8)*IF(J$8="x",(1+Toimenpiteet!$C$7),1)*IF(J$9="x",(1+Toimenpiteet!$C$34),1)*(1+J$30)*_xlfn.BINOM.INV(1,(1-(Satokasvi!$H$15*(1+J$41))),I71)) -> 2545.5689 | ... BZ71: =IF(AA$11="x",0,_xlfn.NORM.INV(Z71,Satokasvi!$H$8,Satokasvi!$I$8)*IF(AA$8="x",(1+Toimenpiteet!$C$7),1)*IF(AA$9="x",(1+Toimenpiteet!$C$34),1)*(1+AA$30)*_xlfn.BINOM.INV(1,(1-(Satokasvi!$H$15*(1+AA$41))),Z71)) -> 2602.4961 | CB71: =_xlfn.NORM.INV(RAND(),Satokasvi!$H$13,Satokasvi!$I$13) -> 392.59111 | CC71: =_xlfn.NORM.INV(RAND(),Satokasvi!$H$13,Satokasvi!$I$13) -> 226.60313 | CD71: =_xlfn.NORM.INV(RAND(),Satokasvi!$H$13,Satokasvi!$I$13) -> 234.02444 | CE71: =_xlfn.NORM.INV(RAND(),Satokasvi!$H$13,Satokasvi!$I$13) -> 122.06514 | CF71: =_xlfn.NORM.INV(RAND(),Satokasvi!$H$13,Satokasvi!$I$13) -> 172.53641 | CG71: =_xlfn.NORM.INV(RAND(),Satokasvi!$H$13,Satokasvi!$I$13) -> 221.05452 | CH71: =_xlfn.NORM.INV(RAND(),Satokasvi!$H$13,Satokasvi!$I$13) -> 260.9669 | CI71: =_xlfn.NORM.INV(RAND(),Satokasvi!$H$13,Satokasvi!$I$13) -> 119.91419 | ... CZ71: =_xlfn.NORM.INV(RAND(),Satokasvi!$H$13,Satokasvi!$I$13) -> 225.55886 | DB71: =(AB71*(CB71/1000)+(Satokasvi!$E$28-Satokasvi!$E$7))/(1+$C$13)^DB$61 -> 905.2692 | DC71: =(AC71*(CC71/1000)+(Satokasvi!$E$28-Satokasvi!$E$7))/(1+$C$13)^DC$61 -> 425.09318 | DD71: =(AD71*(CD71/1000)+(Satokasvi!$E$28-Satokasvi!$E$7))/(1+$C$13)^DD$61 -> 405.86146 | DE71: =(AE71*(CE71/1000)+(Satokasvi!$E$28-Satokasvi!$E$7))/(1+$C$13)^DE$61 -> 68.438681 | DF71: =(AF71*(CF71/1000)+(Satokasvi!$E$28-Satokasvi!$E$7))/(1+$C$13)^DF$61 -> 217.56657 | DG71: =(AG71*(CG71/1000)+(Satokasvi!$E$28-Satokasvi!$E$7))/(1+$C$13)^DG$61 -> 380.92577 | DH71: =(AH71*(CH71/1000)+(Satokasvi!$E$28-Satokasvi!$E$7))/(1+$C$13)^DH$61 -> 509.34983 | DI71: =(AI71*(CI71/1000)+(Satokasvi!$E$28-Satokasvi!$E$7))/(1+$C$13)^DI$61 -> 38.382144 | ... DZ71: =(AZ71*(CZ71/1000)+(Satokasvi!$E$28-Satokasvi!$E$7))/(1+$C$13)^DZ$61 -> 203.80841 | EB71: =IF(C$11="x",Toimenpiteet!$E$115,BB71*(CB71/1000)+(Satokasvi!$E$28-Satokasvi!$E$7)+IF(C$8="x",Toimenpiteet!$E$29,0)+IF(C$9="x",Toimenpiteet!$E$60,0)+IF(C$10="x",Toimenpiteet!$E$88,0))/(1+$C$13)^EB$61 -> 689.2102 | EC71: =IF(D$11="x",Toimenpiteet!$E$115,BC71*(CC71/1000)+(Satokasvi!$E$28-Satokasvi!$E$7)+IF(D$8="x",Toimenpiteet!$E$29,0)+IF(D$9="x",Toimenpiteet!$E$60,0)+IF(D$10="x",Toimenpiteet!$E$88,0))/(1+$C$13)^EC$61 -> 343.96394 | ED71: =IF(E$11="x",Toimenpiteet!$E$115,BD71*(CD71/1000)+(Satokasvi!$E$28-Satokasvi!$E$7)+IF(E$8="x",Toimenpiteet!$E$29,0)+IF(E$9="x",Toimenpiteet!$E$60,0)+IF(E$10="x",Toimenpiteet!$E$88,0))/(1+$C$13)^ED$61 -> 332.65485 | EE71: =IF(F$11="x",Toimenpiteet!$E$115,BE71*(CE71/1000)+(Satokasvi!$E$28-Satokasvi!$E$7)+IF(F$8="x",Toimenpiteet!$E$29,0)+IF(F$9="x",Toimenpiteet!$E$60,0)+IF(F$10="x",Toimenpiteet!$E$88,0))/(1+$C$13)^EE$61 -> 85.571125 | EF71: =IF(G$11="x",Toimenpiteet!$E$115,BF71*(CF71/1000)+(Satokasvi!$E$28-Satokasvi!$E$7)+IF(G$8="x",Toimenpiteet!$E$29,0)+IF(G$9="x",Toimenpiteet!$E$60,0)+IF(G$10="x",Toimenpiteet!$E$88,0))/(1+$C$13)^EF$61 -> 197.59867 | EG71: =IF(H$11="x",Toimenpiteet!$E$115,BG71*(CG71/1000)+(Satokasvi!$E$28-Satokasvi!$E$7)+IF(H$8="x",Toimenpiteet!$E$29,0)+IF(H$9="x",Toimenpiteet!$E$60,0)+IF(H$10="x",Toimenpiteet!$E$88,0))/(1+$C$13)^EG$61 -> 318.30089 | EH71: =IF(I$11="x",Toimenpiteet!$E$115,BH71*(CH71/1000)+(Satokasvi!$E$28-Satokasvi!$E$7)+IF(I$8="x",Toimenpiteet!$E$29,0)+IF(I$9="x",Toimenpiteet!$E$60,0)+IF(I$10="x",Toimenpiteet!$E$88,0))/(1+$C$13)^EH$61 -> 412.99954 | EI71: =IF(J$11="x",Toimenpiteet!$E$115,BI71*(CI71/1000)+(Satokasvi!$E$28-Satokasvi!$E$7)+IF(J$8="x",Toimenpiteet!$E$29,0)+IF(J$9="x",Toimenpiteet!$E$60,0)+IF(J$10="x",Toimenpiteet!$E$88,0))/(1+$C$13)^EI$61 -> 61.060671 | ... EZ71: =IF(AA$11="x",Toimenpiteet!$E$115,BZ71*(CZ71/1000)+(Satokasvi!$E$28-Satokasvi!$E$7)+IF(AA$8="x",Toimenpiteet!$E$29,0)+IF(AA$9="x",Toimenpiteet!$E$60,0)+IF(AA$10="x",Toimenpiteet!$E$88,0))/(1+$C$13)^EZ$61 -> 171.51583 | FB71: =DB71 -> 905.2692 | FC71: =FB71+DC71 -> 1330.3624 | FD71: =FC71+DD71 -> 1736.2238 | FE71: =FD71+DE71 -> 1804.6625 | FF71: =FE71+DF71 -> 2022.2291 | FG71: =FF71+DG71 -> 2403.1549 | FH71: =FG71+DH71 -> 2912.5047 | FI71: =FH71+DI71 -> 2950.8868 | FJ71: =FI71+DJ71 -> 2674.2104 | ... FZ71: =FY71+DZ71 -> 5565.5159 | GB71: =EB71 -> 689.2102 | GC71: =GB71+EC71 -> 1033.1741 | GD71: =GC71+ED71 -> 1365.829 | GE71: =GD71+EE71 -> 1451.4001 | GF71: =GE71+EF71 -> 1648.9988 | GG71: =GF71+EG71 -> 1967.2997 | GH71: =GG71+EH71 -> 2380.2992 | GI71: =GH71+EI71 -> 2441.3599 | GJ71: =GI71+EJ71 -> 2266.6935 | ... GZ71: =GY71+EZ71 -> 4817.1313 | HB71: =_xlfn.XLOOKUP($BE$18,$FB$61:$FZ$61,FB71:FZ71) -> 2993.6016 | HC71: =_xlfn.XLOOKUP($BE$18,$GB$61:$GZ$61,GB71:GZ71) -> 2535.2989 | HF71: =HF70+($BI$11-$BI$10)/9 -> -0.011111111 | HG71: =IF(HG$61<$BI$9,$HF71/$BI$9*HG$61,$HF71/$BI$9*$BI$9) -> -0.0011111111 | HH71: =IF(HH$61<$BI$9,$HF71/$BI$9*HH$61,$HF71/$BI$9*$BI$9) -> -0.0022222222 | HI71: =IF(HI$61<$BI$9,$HF71/$BI$9*HI$61,$HF71/$BI$9*$BI$9) -> -0.0033333333 | HJ71: =IF(HJ$61<$BI$9,$HF71/$BI$9*HJ$61,$HF71/$BI$9*$BI$9) -> -0.0044444444 | HK71: =IF(HK$61<$BI$9,$HF71/$BI$9*HK$61,$HF71/$BI$9*$BI$9) -> -0.0055555556 | HL71: =IF(HL$61<$BI$9,$HF71/$BI$9*HL$61,$HF71/$BI$9*$BI$9) -> -0.0066666667 | HM71: =IF(HM$61<$BI$9,$HF71/$BI$9*HM$61,$HF71/$BI$9*$BI$9) -> -0.0077777778 | HN71: =IF(HN$61<$BI$9,$HF71/$BI$9*HN$61,$HF71/$BI$9*$BI$9) -> -0.0088888889 | ... IE71: =IF(IE$61<$BI$9,$HF71/$BI$9*IE$61,$HF71/$BI$9*$BI$9) -> -0.011111111
B72: =RAND() -> 0.30168169 | C72: =RAND() -> 0.073475457 | D72: =RAND() -> 0.64280743 | E72: =RAND() -> 0.042005977 | F72: =RAND() -> 0.032643052 | G72: =RAND() -> 0.96883481 | H72: =RAND() -> 0.5327223 | I72: =RAND() -> 0.99788962 | ... Z72: =RAND() -> 0.78060443 | AB72: =_xlfn.NORM.INV(B72,Satokasvi!$H$8,Satokasvi!$I$8)*_xlfn.BINOM.INV(1,(1-Satokasvi!$H$15),B72) -> 3370.1075 | AC72: =_xlfn.NORM.INV(C72,Satokasvi!$H$8,Satokasvi!$I$8)*_xlfn.BINOM.INV(1,(1-Satokasvi!$H$15),C72) -> 3137.4035 | AD72: =_xlfn.NORM.INV(D72,Satokasvi!$H$8,Satokasvi!$I$8)*_xlfn.BINOM.INV(1,(1-Satokasvi!$H$15),D72) -> 3591.4933 | AE72: =_xlfn.NORM.INV(E72,Satokasvi!$H$8,Satokasvi!$I$8)*_xlfn.BINOM.INV(1,(1-Satokasvi!$H$15),E72) -> 0 | AF72: =_xlfn.NORM.INV(F72,Satokasvi!$H$8,Satokasvi!$I$8)*_xlfn.BINOM.INV(1,(1-Satokasvi!$H$15),F72) -> 0 | AG72: =_xlfn.NORM.INV(G72,Satokasvi!$H$8,Satokasvi!$I$8)*_xlfn.BINOM.INV(1,(1-Satokasvi!$H$15),G72) -> 3965.9846 | AH72: =_xlfn.NORM.INV(H72,Satokasvi!$H$8,Satokasvi!$I$8)*_xlfn.BINOM.INV(1,(1-Satokasvi!$H$15),H72) -> 3520.5287 | AI72: =_xlfn.NORM.INV(I72,Satokasvi!$H$8,Satokasvi!$I$8)*_xlfn.BINOM.INV(1,(1-Satokasvi!$H$15),I72) -> 4215.2932 | ... AZ72: =_xlfn.NORM.INV(Z72,Satokasvi!$H$8,Satokasvi!$I$8)*_xlfn.BINOM.INV(1,(1-Satokasvi!$H$15),Z72) -> 3693.559 | BB72: =IF(C$11="x",0,_xlfn.NORM.INV(B72,Satokasvi!$H$8,Satokasvi!$I$8)*IF(C$8="x",(1+Toimenpiteet!$C$7),1)*IF(C$9="x",(1+Toimenpiteet!$C$34),1)*(1+C$30)*_xlfn.BINOM.INV(1,(1-(Satokasvi!$H$15*(1+C$41))),B72)) -> 2443.4628 | BC72: =IF(D$11="x",0,_xlfn.NORM.INV(C72,Satokasvi!$H$8,Satokasvi!$I$8)*IF(D$8="x",(1+Toimenpiteet!$C$7),1)*IF(D$9="x",(1+Toimenpiteet!$C$34),1)*(1+D$30)*_xlfn.BINOM.INV(1,(1-(Satokasvi!$H$15*(1+D$41))),C72)) -> 2290.5556 | BD72: =IF(E$11="x",0,_xlfn.NORM.INV(D72,Satokasvi!$H$8,Satokasvi!$I$8)*IF(E$8="x",(1+Toimenpiteet!$C$7),1)*IF(E$9="x",(1+Toimenpiteet!$C$34),1)*(1+E$30)*_xlfn.BINOM.INV(1,(1-(Satokasvi!$H$15*(1+E$41))),D72)) -> 2640.1785 | BE72: =IF(F$11="x",0,_xlfn.NORM.INV(E72,Satokasvi!$H$8,Satokasvi!$I$8)*IF(F$8="x",(1+Toimenpiteet!$C$7),1)*IF(F$9="x",(1+Toimenpiteet!$C$34),1)*(1+F$30)*_xlfn.BINOM.INV(1,(1-(Satokasvi!$H$15*(1+F$41))),E72)) -> 0 | BF72: =IF(G$11="x",0,_xlfn.NORM.INV(F72,Satokasvi!$H$8,Satokasvi!$I$8)*IF(G$8="x",(1+Toimenpiteet!$C$7),1)*IF(G$9="x",(1+Toimenpiteet!$C$34),1)*(1+G$30)*_xlfn.BINOM.INV(1,(1-(Satokasvi!$H$15*(1+G$41))),F72)) -> 0 | BG72: =IF(H$11="x",0,_xlfn.NORM.INV(G72,Satokasvi!$H$8,Satokasvi!$I$8)*IF(H$8="x",(1+Toimenpiteet!$C$7),1)*IF(H$9="x",(1+Toimenpiteet!$C$34),1)*(1+H$30)*_xlfn.BINOM.INV(1,(1-(Satokasvi!$H$15*(1+H$41))),G72)) -> 2955.4517 | BH72: =IF(I$11="x",0,_xlfn.NORM.INV(H72,Satokasvi!$H$8,Satokasvi!$I$8)*IF(I$8="x",(1+Toimenpiteet!$C$7),1)*IF(I$9="x",(1+Toimenpiteet!$C$34),1)*(1+I$30)*_xlfn.BINOM.INV(1,(1-(Satokasvi!$H$15*(1+I$41))),H72)) -> 2623.498 | BI72: =IF(J$11="x",0,_xlfn.NORM.INV(I72,Satokasvi!$H$8,Satokasvi!$I$8)*IF(J$8="x",(1+Toimenpiteet!$C$7),1)*IF(J$9="x",(1+Toimenpiteet!$C$34),1)*(1+J$30)*_xlfn.BINOM.INV(1,(1-(Satokasvi!$H$15*(1+J$41))),I72)) -> 3141.2365 | ... BZ72: =IF(AA$11="x",0,_xlfn.NORM.INV(Z72,Satokasvi!$H$8,Satokasvi!$I$8)*IF(AA$8="x",(1+Toimenpiteet!$C$7),1)*IF(AA$9="x",(1+Toimenpiteet!$C$34),1)*(1+AA$30)*_xlfn.BINOM.INV(1,(1-(Satokasvi!$H$15*(1+AA$41))),Z72)) -> 2752.4402 | CB72: =_xlfn.NORM.INV(RAND(),Satokasvi!$H$13,Satokasvi!$I$13) -> 198.29567 | CC72: =_xlfn.NORM.INV(RAND(),Satokasvi!$H$13,Satokasvi!$I$13) -> 183.80639 | CD72: =_xlfn.NORM.INV(RAND(),Satokasvi!$H$13,Satokasvi!$I$13) -> 198.46497 | CE72: =_xlfn.NORM.INV(RAND(),Satokasvi!$H$13,Satokasvi!$I$13) -> 306.9231 | CF72: =_xlfn.NORM.INV(RAND(),Satokasvi!$H$13,Satokasvi!$I$13) -> 173.61353 | CG72: =_xlfn.NORM.INV(RAND(),Satokasvi!$H$13,Satokasvi!$I$13) -> 191.96409 | CH72: =_xlfn.NORM.INV(RAND(),Satokasvi!$H$13,Satokasvi!$I$13) -> 219.85823 | CI72: =_xlfn.NORM.INV(RAND(),Satokasvi!$H$13,Satokasvi!$I$13) -> 222.87081 | ... CZ72: =_xlfn.NORM.INV(RAND(),Satokasvi!$H$13,Satokasvi!$I$13) -> 170.76875 | DB72: =(AB72*(CB72/1000)+(Satokasvi!$E$28-Satokasvi!$E$7))/(1+$C$13)^DB$61 -> 298.32789 | DC72: =(AC72*(CC72/1000)+(Satokasvi!$E$28-Satokasvi!$E$7))/(1+$C$13)^DC$61 -> 203.2942 | DD72: =(AD72*(CD72/1000)+(Satokasvi!$E$28-Satokasvi!$E$7))/(1+$C$13)^DD$61 -> 321.93367 | DE72: =(AE72*(CE72/1000)+(Satokasvi!$E$28-Satokasvi!$E$7))/(1+$C$13)^DE$61 -> -320.74382 | DF72: =(AF72*(CF72/1000)+(Satokasvi!$E$28-Satokasvi!$E$7))/(1+$C$13)^DF$61 -> -311.40177 | DG72: =(AG72*(CG72/1000)+(Satokasvi!$E$28-Satokasvi!$E$7))/(1+$C$13)^DG$61 -> 335.26723 | DH72: =(AH72*(CH72/1000)+(Satokasvi!$E$28-Satokasvi!$E$7))/(1+$C$13)^DH$61 -> 335.82079 | DI72: =(AI72*(CI72/1000)+(Satokasvi!$E$28-Satokasvi!$E$7))/(1+$C$13)^DI$61 -> 456.64626 | ... DZ72: =(AZ72*(CZ72/1000)+(Satokasvi!$E$28-Satokasvi!$E$7))/(1+$C$13)^DZ$61 -> 128.83146 | EB72: =IF(C$11="x",Toimenpiteet!$E$115,BB72*(CB72/1000)+(Satokasvi!$E$28-Satokasvi!$E$7)+IF(C$8="x",Toimenpiteet!$E$29,0)+IF(C$9="x",Toimenpiteet!$E$60,0)+IF(C$10="x",Toimenpiteet!$E$88,0))/(1+$C$13)^EB$61 -> 249.15348 | EC72: =IF(D$11="x",Toimenpiteet!$E$115,BC72*(CC72/1000)+(Satokasvi!$E$28-Satokasvi!$E$7)+IF(D$8="x",Toimenpiteet!$E$29,0)+IF(D$9="x",Toimenpiteet!$E$60,0)+IF(D$10="x",Toimenpiteet!$E$88,0))/(1+$C$13)^EC$61 -> 182.03294 | ED72: =IF(E$11="x",Toimenpiteet!$E$115,BD72*(CD72/1000)+(Satokasvi!$E$28-Satokasvi!$E$7)+IF(E$8="x",Toimenpiteet!$E$29,0)+IF(E$9="x",Toimenpiteet!$E$60,0)+IF(E$10="x",Toimenpiteet!$E$88,0))/(1+$C$13)^ED$61 -> 270.95785 | EE72: =IF(F$11="x",Toimenpiteet!$E$115,BE72*(CE72/1000)+(Satokasvi!$E$28-Satokasvi!$E$7)+IF(F$8="x",Toimenpiteet!$E$29,0)+IF(F$9="x",Toimenpiteet!$E$60,0)+IF(F$10="x",Toimenpiteet!$E$88,0))/(1+$C$13)^EE$61 -> -202.4862 | EF72: =IF(G$11="x",Toimenpiteet!$E$115,BF72*(CF72/1000)+(Satokasvi!$E$28-Satokasvi!$E$7)+IF(G$8="x",Toimenpiteet!$E$29,0)+IF(G$9="x",Toimenpiteet!$E$60,0)+IF(G$10="x",Toimenpiteet!$E$88,0))/(1+$C$13)^EF$61 -> -196.58854 | EG72: =IF(H$11="x",Toimenpiteet!$E$115,BG72*(CG72/1000)+(Satokasvi!$E$28-Satokasvi!$E$7)+IF(H$8="x",Toimenpiteet!$E$29,0)+IF(H$9="x",Toimenpiteet!$E$60,0)+IF(H$10="x",Toimenpiteet!$E$88,0))/(1+$C$13)^EG$61 -> 284.27615 | EH72: =IF(I$11="x",Toimenpiteet!$E$115,BH72*(CH72/1000)+(Satokasvi!$E$28-Satokasvi!$E$7)+IF(I$8="x",Toimenpiteet!$E$29,0)+IF(I$9="x",Toimenpiteet!$E$60,0)+IF(I$10="x",Toimenpiteet!$E$88,0))/(1+$C$13)^EH$61 -> 283.6857 | EI72: =IF(J$11="x",Toimenpiteet!$E$115,BI72*(CI72/1000)+(Satokasvi!$E$28-Satokasvi!$E$7)+IF(J$8="x",Toimenpiteet!$E$29,0)+IF(J$9="x",Toimenpiteet!$E$60,0)+IF(J$10="x",Toimenpiteet!$E$88,0))/(1+$C$13)^EI$61 -> 372.75109 | ... EZ72: =IF(AA$11="x",Toimenpiteet!$E$115,BZ72*(CZ72/1000)+(Satokasvi!$E$28-Satokasvi!$E$7)+IF(AA$8="x",Toimenpiteet!$E$29,0)+IF(AA$9="x",Toimenpiteet!$E$60,0)+IF(AA$10="x",Toimenpiteet!$E$88,0))/(1+$C$13)^EZ$61 -> 115.64301 | FB72: =DB72 -> 298.32789 | FC72: =FB72+DC72 -> 501.62209 | FD72: =FC72+DD72 -> 823.55576 | FE72: =FD72+DE72 -> 502.81194 | FF72: =FE72+DF72 -> 191.41016 | FG72: =FF72+DG72 -> 526.6774 | FH72: =FG72+DH72 -> 862.49819 | FI72: =FH72+DI72 -> 1319.1444 | FJ72: =FI72+DJ72 -> 1655.829 | ... FZ72: =FY72+DZ72 -> 5117.2059 | GB72: =EB72 -> 249.15348 | GC72: =GB72+EC72 -> 431.18642 | GD72: =GC72+ED72 -> 702.14427 | GE72: =GD72+EE72 -> 499.65808 | GF72: =GE72+EF72 -> 303.06953 | GG72: =GF72+EG72 -> 587.34568 | GH72: =GG72+EH72 -> 871.03138 | GI72: =GH72+EI72 -> 1243.7825 | GJ72: =GI72+EJ72 -> 1526.1927 | ... GZ72: =GY72+EZ72 -> 4501.4477 | HB72: =_xlfn.XLOOKUP($BE$18,$FB$61:$FZ$61,FB72:FZ72) -> 1387.2111 | HC72: =_xlfn.XLOOKUP($BE$18,$GB$61:$GZ$61,GB72:GZ72) -> 1356.6137 | HF72: =HF71+($BI$11-$BI$10)/9 -> 0.011111111 | HG72: =IF(HG$61<$BI$9,$HF72/$BI$9*HG$61,$HF72/$BI$9*$BI$9) -> 0.0011111111 | HH72: =IF(HH$61<$BI$9,$HF72/$BI$9*HH$61,$HF72/$BI$9*$BI$9) -> 0.0022222222 | HI72: =IF(HI$61<$BI$9,$HF72/$BI$9*HI$61,$HF72/$BI$9*$BI$9) -> 0.0033333333 | HJ72: =IF(HJ$61<$BI$9,$HF72/$BI$9*HJ$61,$HF72/$BI$9*$BI$9) -> 0.0044444444 | HK72: =IF(HK$61<$BI$9,$HF72/$BI$9*HK$61,$HF72/$BI$9*$BI$9) -> 0.0055555556 | HL72: =IF(HL$61<$BI$9,$HF72/$BI$9*HL$61,$HF72/$BI$9*$BI$9) -> 0.0066666667 | HM72: =IF(HM$61<$BI$9,$HF72/$BI$9*HM$61,$HF72/$BI$9*$BI$9) -> 0.0077777778 | HN72: =IF(HN$61<$BI$9,$HF72/$BI$9*HN$61,$HF72/$BI$9*$BI$9) -> 0.0088888889 | ... IE72: =IF(IE$61<$BI$9,$HF72/$BI$9*IE$61,$HF72/$BI$9*$BI$9) -> 0.011111111
B73: =RAND() -> 0.1099378 | C73: =RAND() -> 0.86220029 | D73: =RAND() -> 0.80936205 | E73: =RAND() -> 0.90780175 | F73: =RAND() -> 0.26089685 | G73: =RAND() -> 0.48483532 | H73: =RAND() -> 0.25751723 | I73: =RAND() -> 0.28334467 | ... Z73: =RAND() -> 0.97858396 | AB73: =_xlfn.NORM.INV(B73,Satokasvi!$H$8,Satokasvi!$I$8)*_xlfn.BINOM.INV(1,(1-Satokasvi!$H$15),B73) -> 3193.2853 | AC73: =_xlfn.NORM.INV(C73,Satokasvi!$H$8,Satokasvi!$I$8)*_xlfn.BINOM.INV(1,(1-Satokasvi!$H$15),C73) -> 3772.5646 | AD73: =_xlfn.NORM.INV(D73,Satokasvi!$H$8,Satokasvi!$I$8)*_xlfn.BINOM.INV(1,(1-Satokasvi!$H$15),D73) -> 3718.887 | AE73: =_xlfn.NORM.INV(E73,Satokasvi!$H$8,Satokasvi!$I$8)*_xlfn.BINOM.INV(1,(1-Satokasvi!$H$15),E73) -> 3831.8348 | AF73: =_xlfn.NORM.INV(F73,Satokasvi!$H$8,Satokasvi!$I$8)*_xlfn.BINOM.INV(1,(1-Satokasvi!$H$15),F73) -> 3339.8543 | AG73: =_xlfn.NORM.INV(G73,Satokasvi!$H$8,Satokasvi!$I$8)*_xlfn.BINOM.INV(1,(1-Satokasvi!$H$15),G73) -> 3490.4947 | AH73: =_xlfn.NORM.INV(H73,Satokasvi!$H$8,Satokasvi!$I$8)*_xlfn.BINOM.INV(1,(1-Satokasvi!$H$15),H73) -> 3337.2453 | AI73: =_xlfn.NORM.INV(I73,Satokasvi!$H$8,Satokasvi!$I$8)*_xlfn.BINOM.INV(1,(1-Satokasvi!$H$15),I73) -> 3356.7665 | ... AZ73: =_xlfn.NORM.INV(Z73,Satokasvi!$H$8,Satokasvi!$I$8)*_xlfn.BINOM.INV(1,(1-Satokasvi!$H$15),Z73) -> 4006.336 | BB73: =IF(C$11="x",0,_xlfn.NORM.INV(B73,Satokasvi!$H$8,Satokasvi!$I$8)*IF(C$8="x",(1+Toimenpiteet!$C$7),1)*IF(C$9="x",(1+Toimenpiteet!$C$34),1)*(1+C$30)*_xlfn.BINOM.INV(1,(1-(Satokasvi!$H$15*(1+C$41))),B73)) -> 2315.2595 | BC73: =IF(D$11="x",0,_xlfn.NORM.INV(C73,Satokasvi!$H$8,Satokasvi!$I$8)*IF(D$8="x",(1+Toimenpiteet!$C$7),1)*IF(D$9="x",(1+Toimenpiteet!$C$34),1)*(1+D$30)*_xlfn.BINOM.INV(1,(1-(Satokasvi!$H$15*(1+D$41))),C73)) -> 2754.2739 | BD73: =IF(E$11="x",0,_xlfn.NORM.INV(D73,Satokasvi!$H$8,Satokasvi!$I$8)*IF(E$8="x",(1+Toimenpiteet!$C$7),1)*IF(E$9="x",(1+Toimenpiteet!$C$34),1)*(1+E$30)*_xlfn.BINOM.INV(1,(1-(Satokasvi!$H$15*(1+E$41))),D73)) -> 2733.8282 | BE73: =IF(F$11="x",0,_xlfn.NORM.INV(E73,Satokasvi!$H$8,Satokasvi!$I$8)*IF(F$8="x",(1+Toimenpiteet!$C$7),1)*IF(F$9="x",(1+Toimenpiteet!$C$34),1)*(1+F$30)*_xlfn.BINOM.INV(1,(1-(Satokasvi!$H$15*(1+F$41))),E73)) -> 2836.1709 | BF73: =IF(G$11="x",0,_xlfn.NORM.INV(F73,Satokasvi!$H$8,Satokasvi!$I$8)*IF(G$8="x",(1+Toimenpiteet!$C$7),1)*IF(G$9="x",(1+Toimenpiteet!$C$34),1)*(1+G$30)*_xlfn.BINOM.INV(1,(1-(Satokasvi!$H$15*(1+G$41))),F73)) -> 2488.8594 | BG73: =IF(H$11="x",0,_xlfn.NORM.INV(G73,Satokasvi!$H$8,Satokasvi!$I$8)*IF(H$8="x",(1+Toimenpiteet!$C$7),1)*IF(H$9="x",(1+Toimenpiteet!$C$34),1)*(1+H$30)*_xlfn.BINOM.INV(1,(1-(Satokasvi!$H$15*(1+H$41))),G73)) -> 2601.1166 | BH73: =IF(I$11="x",0,_xlfn.NORM.INV(H73,Satokasvi!$H$8,Satokasvi!$I$8)*IF(I$8="x",(1+Toimenpiteet!$C$7),1)*IF(I$9="x",(1+Toimenpiteet!$C$34),1)*(1+I$30)*_xlfn.BINOM.INV(1,(1-(Satokasvi!$H$15*(1+I$41))),H73)) -> 2486.9152 | BI73: =IF(J$11="x",0,_xlfn.NORM.INV(I73,Satokasvi!$H$8,Satokasvi!$I$8)*IF(J$8="x",(1+Toimenpiteet!$C$7),1)*IF(J$9="x",(1+Toimenpiteet!$C$34),1)*(1+J$30)*_xlfn.BINOM.INV(1,(1-(Satokasvi!$H$15*(1+J$41))),I73)) -> 2501.4624 | ... BZ73: =IF(AA$11="x",0,_xlfn.NORM.INV(Z73,Satokasvi!$H$8,Satokasvi!$I$8)*IF(AA$8="x",(1+Toimenpiteet!$C$7),1)*IF(AA$9="x",(1+Toimenpiteet!$C$34),1)*(1+AA$30)*_xlfn.BINOM.INV(1,(1-(Satokasvi!$H$15*(1+AA$41))),Z73)) -> 2985.5216 | CB73: =_xlfn.NORM.INV(RAND(),Satokasvi!$H$13,Satokasvi!$I$13) -> 224.13908 | CC73: =_xlfn.NORM.INV(RAND(),Satokasvi!$H$13,Satokasvi!$I$13) -> 186.3366 | CD73: =_xlfn.NORM.INV(RAND(),Satokasvi!$H$13,Satokasvi!$I$13) -> 109.04262 | CE73: =_xlfn.NORM.INV(RAND(),Satokasvi!$H$13,Satokasvi!$I$13) -> 198.44347 | CF73: =_xlfn.NORM.INV(RAND(),Satokasvi!$H$13,Satokasvi!$I$13) -> 228.59026 | CG73: =_xlfn.NORM.INV(RAND(),Satokasvi!$H$13,Satokasvi!$I$13) -> 187.69322 | CH73: =_xlfn.NORM.INV(RAND(),Satokasvi!$H$13,Satokasvi!$I$13) -> 206.84048 | CI73: =_xlfn.NORM.INV(RAND(),Satokasvi!$H$13,Satokasvi!$I$13) -> 123.53685 | ... CZ73: =_xlfn.NORM.INV(RAND(),Satokasvi!$H$13,Satokasvi!$I$13) -> 219.46168 | DB73: =(AB73*(CB73/1000)+(Satokasvi!$E$28-Satokasvi!$E$7))/(1+$C$13)^DB$61 -> 344.40778 | DC73: =(AC73*(CC73/1000)+(Satokasvi!$E$28-Satokasvi!$E$7))/(1+$C$13)^DC$61 -> 322.33655 | DD73: =(AD73*(CD73/1000)+(Satokasvi!$E$28-Satokasvi!$E$7))/(1+$C$13)^DD$61 -> 40.739517 | DE73: =(AE73*(CE73/1000)+(Satokasvi!$E$28-Satokasvi!$E$7))/(1+$C$13)^DE$61 -> 354.86403 | DF73: =(AF73*(CF73/1000)+(Satokasvi!$E$28-Satokasvi!$E$7))/(1+$C$13)^DF$61 -> 347.16393 | DG73: =(AG73*(CG73/1000)+(Satokasvi!$E$28-Satokasvi!$E$7))/(1+$C$13)^DG$61 -> 246.33943 | DH73: =(AH73*(CH73/1000)+(Satokasvi!$E$28-Satokasvi!$E$7))/(1+$C$13)^DH$61 -> 267.73267 | DI73: =(AI73*(CI73/1000)+(Satokasvi!$E$28-Satokasvi!$E$7))/(1+$C$13)^DI$61 -> 42.378915 | ... DZ73: =(AZ73*(CZ73/1000)+(Satokasvi!$E$28-Satokasvi!$E$7))/(1+$C$13)^DZ$61 -> 247.51299 | EB73: =IF(C$11="x",Toimenpiteet!$E$115,BB73*(CB73/1000)+(Satokasvi!$E$28-Satokasvi!$E$7)+IF(C$8="x",Toimenpiteet!$E$29,0)+IF(C$9="x",Toimenpiteet!$E$60,0)+IF(C$10="x",Toimenpiteet!$E$88,0))/(1+$C$13)^EB$61 -> 282.56324 | EC73: =IF(D$11="x",Toimenpiteet!$E$115,BC73*(CC73/1000)+(Satokasvi!$E$28-Satokasvi!$E$7)+IF(D$8="x",Toimenpiteet!$E$29,0)+IF(D$9="x",Toimenpiteet!$E$60,0)+IF(D$10="x",Toimenpiteet!$E$88,0))/(1+$C$13)^EC$61 -> 268.94339 | ED73: =IF(E$11="x",Toimenpiteet!$E$115,BD73*(CD73/1000)+(Satokasvi!$E$28-Satokasvi!$E$7)+IF(E$8="x",Toimenpiteet!$E$29,0)+IF(E$9="x",Toimenpiteet!$E$60,0)+IF(E$10="x",Toimenpiteet!$E$88,0))/(1+$C$13)^ED$61 -> 64.246405 | EE73: =IF(F$11="x",Toimenpiteet!$E$115,BE73*(CE73/1000)+(Satokasvi!$E$28-Satokasvi!$E$7)+IF(F$8="x",Toimenpiteet!$E$29,0)+IF(F$9="x",Toimenpiteet!$E$60,0)+IF(F$10="x",Toimenpiteet!$E$88,0))/(1+$C$13)^EE$61 -> 297.57171 | EF73: =IF(G$11="x",Toimenpiteet!$E$115,BF73*(CF73/1000)+(Satokasvi!$E$28-Satokasvi!$E$7)+IF(G$8="x",Toimenpiteet!$E$29,0)+IF(G$9="x",Toimenpiteet!$E$60,0)+IF(G$10="x",Toimenpiteet!$E$88,0))/(1+$C$13)^EF$61 -> 294.17462 | EG73: =IF(H$11="x",Toimenpiteet!$E$115,BG73*(CG73/1000)+(Satokasvi!$E$28-Satokasvi!$E$7)+IF(H$8="x",Toimenpiteet!$E$29,0)+IF(H$9="x",Toimenpiteet!$E$60,0)+IF(H$10="x",Toimenpiteet!$E$88,0))/(1+$C$13)^EG$61 -> 218.00715 | EH73: =IF(I$11="x",Toimenpiteet!$E$115,BH73*(CH73/1000)+(Satokasvi!$E$28-Satokasvi!$E$7)+IF(I$8="x",Toimenpiteet!$E$29,0)+IF(I$9="x",Toimenpiteet!$E$60,0)+IF(I$10="x",Toimenpiteet!$E$88,0))/(1+$C$13)^EH$61 -> 232.94643 | EI73: =IF(J$11="x",Toimenpiteet!$E$115,BI73*(CI73/1000)+(Satokasvi!$E$28-Satokasvi!$E$7)+IF(J$8="x",Toimenpiteet!$E$29,0)+IF(J$9="x",Toimenpiteet!$E$60,0)+IF(J$10="x",Toimenpiteet!$E$88,0))/(1+$C$13)^EI$61 -> 64.039065 | ... EZ73: =IF(AA$11="x",Toimenpiteet!$E$115,BZ73*(CZ73/1000)+(Satokasvi!$E$28-Satokasvi!$E$7)+IF(AA$8="x",Toimenpiteet!$E$29,0)+IF(AA$9="x",Toimenpiteet!$E$60,0)+IF(AA$10="x",Toimenpiteet!$E$88,0))/(1+$C$13)^EZ$61 -> 204.08448 | FB73: =DB73 -> 344.40778 | FC73: =FB73+DC73 -> 666.74433 | FD73: =FC73+DD73 -> 707.48385 | FE73: =FD73+DE73 -> 1062.3479 | FF73: =FE73+DF73 -> 1409.5118 | FG73: =FF73+DG73 -> 1655.8512 | FH73: =FG73+DH73 -> 1923.5839 | FI73: =FH73+DI73 -> 1965.9628 | FJ73: =FI73+DJ73 -> 2342.6234 | ... FZ73: =FY73+DZ73 -> 6035.8449 | GB73: =EB73 -> 282.56324 | GC73: =GB73+EC73 -> 551.50663 | GD73: =GC73+ED73 -> 615.75303 | GE73: =GD73+EE73 -> 913.32474 | GF73: =GE73+EF73 -> 1207.4994 | GG73: =GF73+EG73 -> 1425.5065 | GH73: =GG73+EH73 -> 1658.4529 | GI73: =GH73+EI73 -> 1722.492 | GJ73: =GI73+EJ73 -> 2034.6924 | ... GZ73: =GY73+EZ73 -> 5182.7179 | HB73: =_xlfn.XLOOKUP($BE$18,$FB$61:$FZ$61,FB73:FZ73) -> 2640.3415 | HC73: =_xlfn.XLOOKUP($BE$18,$GB$61:$GZ$61,GB73:GZ73) -> 2287.147 | HF73: =HF72+($BI$11-$BI$10)/9 -> 0.033333333 | HG73: =IF(HG$61<$BI$9,$HF73/$BI$9*HG$61,$HF73/$BI$9*$BI$9) -> 0.0033333333 | HH73: =IF(HH$61<$BI$9,$HF73/$BI$9*HH$61,$HF73/$BI$9*$BI$9) -> 0.0066666667 | HI73: =IF(HI$61<$BI$9,$HF73/$BI$9*HI$61,$HF73/$BI$9*$BI$9) -> 0.01 | HJ73: =IF(HJ$61<$BI$9,$HF73/$BI$9*HJ$61,$HF73/$BI$9*$BI$9) -> 0.013333333 | HK73: =IF(HK$61<$BI$9,$HF73/$BI$9*HK$61,$HF73/$BI$9*$BI$9) -> 0.016666667 | HL73: =IF(HL$61<$BI$9,$HF73/$BI$9*HL$61,$HF73/$BI$9*$BI$9) -> 0.02 | HM73: =IF(HM$61<$BI$9,$HF73/$BI$9*HM$61,$HF73/$BI$9*$BI$9) -> 0.023333333 | HN73: =IF(HN$61<$BI$9,$HF73/$BI$9*HN$61,$HF73/$BI$9*$BI$9) -> 0.026666667 | ... IE73: =IF(IE$61<$BI$9,$HF73/$BI$9*IE$61,$HF73/$BI$9*$BI$9) -> 0.033333333
B74: =RAND() -> 0.4528205 | C74: =RAND() -> 0.24786484 | D74: =RAND() -> 0.21688213 | E74: =RAND() -> 0.4879367 | F74: =RAND() -> 0.53998977 | G74: =RAND() -> 0.96473938 | H74: =RAND() -> 0.17271869 | I74: =RAND() -> 0.10222134 | ... Z74: =RAND() -> 0.17078856 | AB74: =_xlfn.NORM.INV(B74,Satokasvi!$H$8,Satokasvi!$I$8)*_xlfn.BINOM.INV(1,(1-Satokasvi!$H$15),B74) -> 3470.3654 | AC74: =_xlfn.NORM.INV(C74,Satokasvi!$H$8,Satokasvi!$I$8)*_xlfn.BINOM.INV(1,(1-Satokasvi!$H$15),C74) -> 3329.694 | AD74: =_xlfn.NORM.INV(D74,Satokasvi!$H$8,Satokasvi!$I$8)*_xlfn.BINOM.INV(1,(1-Satokasvi!$H$15),D74) -> 3304.3084 | AE74: =_xlfn.NORM.INV(E74,Satokasvi!$H$8,Satokasvi!$I$8)*_xlfn.BINOM.INV(1,(1-Satokasvi!$H$15),E74) -> 3492.4393 | AF74: =_xlfn.NORM.INV(F74,Satokasvi!$H$8,Satokasvi!$I$8)*_xlfn.BINOM.INV(1,(1-Satokasvi!$H$15),F74) -> 3525.102 | AG74: =_xlfn.NORM.INV(G74,Satokasvi!$H$8,Satokasvi!$I$8)*_xlfn.BINOM.INV(1,(1-Satokasvi!$H$15),G74) -> 3952.137 | AH74: =_xlfn.NORM.INV(H74,Satokasvi!$H$8,Satokasvi!$I$8)*_xlfn.BINOM.INV(1,(1-Satokasvi!$H$15),H74) -> 3264.131 | AI74: =_xlfn.NORM.INV(I74,Satokasvi!$H$8,Satokasvi!$I$8)*_xlfn.BINOM.INV(1,(1-Satokasvi!$H$15),I74) -> 3182.7511 | ... AZ74: =_xlfn.NORM.INV(Z74,Satokasvi!$H$8,Satokasvi!$I$8)*_xlfn.BINOM.INV(1,(1-Satokasvi!$H$15),Z74) -> 3262.2366 | BB74: =IF(C$11="x",0,_xlfn.NORM.INV(B74,Satokasvi!$H$8,Satokasvi!$I$8)*IF(C$8="x",(1+Toimenpiteet!$C$7),1)*IF(C$9="x",(1+Toimenpiteet!$C$34),1)*(1+C$30)*_xlfn.BINOM.INV(1,(1-(Satokasvi!$H$15*(1+C$41))),B74)) -> 2516.1537 | BC74: =IF(D$11="x",0,_xlfn.NORM.INV(C74,Satokasvi!$H$8,Satokasvi!$I$8)*IF(D$8="x",(1+Toimenpiteet!$C$7),1)*IF(D$9="x",(1+Toimenpiteet!$C$34),1)*(1+D$30)*_xlfn.BINOM.INV(1,(1-(Satokasvi!$H$15*(1+D$41))),C74)) -> 2430.943 | BD74: =IF(E$11="x",0,_xlfn.NORM.INV(D74,Satokasvi!$H$8,Satokasvi!$I$8)*IF(E$8="x",(1+Toimenpiteet!$C$7),1)*IF(E$9="x",(1+Toimenpiteet!$C$34),1)*(1+E$30)*_xlfn.BINOM.INV(1,(1-(Satokasvi!$H$15*(1+E$41))),D74)) -> 2429.0632 | BE74: =IF(F$11="x",0,_xlfn.NORM.INV(E74,Satokasvi!$H$8,Satokasvi!$I$8)*IF(F$8="x",(1+Toimenpiteet!$C$7),1)*IF(F$9="x",(1+Toimenpiteet!$C$34),1)*(1+F$30)*_xlfn.BINOM.INV(1,(1-(Satokasvi!$H$15*(1+F$41))),E74)) -> 2584.9639 | BF74: =IF(G$11="x",0,_xlfn.NORM.INV(F74,Satokasvi!$H$8,Satokasvi!$I$8)*IF(G$8="x",(1+Toimenpiteet!$C$7),1)*IF(G$9="x",(1+Toimenpiteet!$C$34),1)*(1+G$30)*_xlfn.BINOM.INV(1,(1-(Satokasvi!$H$15*(1+G$41))),F74)) -> 2626.906 | BG74: =IF(H$11="x",0,_xlfn.NORM.INV(G74,Satokasvi!$H$8,Satokasvi!$I$8)*IF(H$8="x",(1+Toimenpiteet!$C$7),1)*IF(H$9="x",(1+Toimenpiteet!$C$34),1)*(1+H$30)*_xlfn.BINOM.INV(1,(1-(Satokasvi!$H$15*(1+H$41))),G74)) -> 2945.1325 | BH74: =IF(I$11="x",0,_xlfn.NORM.INV(H74,Satokasvi!$H$8,Satokasvi!$I$8)*IF(I$8="x",(1+Toimenpiteet!$C$7),1)*IF(I$9="x",(1+Toimenpiteet!$C$34),1)*(1+I$30)*_xlfn.BINOM.INV(1,(1-(Satokasvi!$H$15*(1+I$41))),H74)) -> 2432.4304 | BI74: =IF(J$11="x",0,_xlfn.NORM.INV(I74,Satokasvi!$H$8,Satokasvi!$I$8)*IF(J$8="x",(1+Toimenpiteet!$C$7),1)*IF(J$9="x",(1+Toimenpiteet!$C$34),1)*(1+J$30)*_xlfn.BINOM.INV(1,(1-(Satokasvi!$H$15*(1+J$41))),I74)) -> 2371.7861 | ... BZ74: =IF(AA$11="x",0,_xlfn.NORM.INV(Z74,Satokasvi!$H$8,Satokasvi!$I$8)*IF(AA$8="x",(1+Toimenpiteet!$C$7),1)*IF(AA$9="x",(1+Toimenpiteet!$C$34),1)*(1+AA$30)*_xlfn.BINOM.INV(1,(1-(Satokasvi!$H$15*(1+AA$41))),Z74)) -> 2431.0187 | CB74: =_xlfn.NORM.INV(RAND(),Satokasvi!$H$13,Satokasvi!$I$13) -> 136.36074 | CC74: =_xlfn.NORM.INV(RAND(),Satokasvi!$H$13,Satokasvi!$I$13) -> 206.78806 | CD74: =_xlfn.NORM.INV(RAND(),Satokasvi!$H$13,Satokasvi!$I$13) -> 238.5422 | CE74: =_xlfn.NORM.INV(RAND(),Satokasvi!$H$13,Satokasvi!$I$13) -> 253.1071 | CF74: =_xlfn.NORM.INV(RAND(),Satokasvi!$H$13,Satokasvi!$I$13) -> 199.213 | CG74: =_xlfn.NORM.INV(RAND(),Satokasvi!$H$13,Satokasvi!$I$13) -> 216.43296 | CH74: =_xlfn.NORM.INV(RAND(),Satokasvi!$H$13,Satokasvi!$I$13) -> 147.43109 | CI74: =_xlfn.NORM.INV(RAND(),Satokasvi!$H$13,Satokasvi!$I$13) -> 244.46073 | ... CZ74: =_xlfn.NORM.INV(RAND(),Satokasvi!$H$13,Satokasvi!$I$13) -> 204.75105 | DB74: =(AB74*(CB74/1000)+(Satokasvi!$E$28-Satokasvi!$E$7))/(1+$C$13)^DB$61 -> 108.953 | DC74: =(AC74*(CC74/1000)+(Satokasvi!$E$28-Satokasvi!$E$7))/(1+$C$13)^DC$61 -> 308.73877 | DD74: =(AD74*(CD74/1000)+(Satokasvi!$E$28-Satokasvi!$E$7))/(1+$C$13)^DD$61 -> 390.96406 | DE74: =(AE74*(CE74/1000)+(Satokasvi!$E$28-Satokasvi!$E$7))/(1+$C$13)^DE$61 -> 464.64425 | DF74: =(AF74*(CF74/1000)+(Satokasvi!$E$28-Satokasvi!$E$7))/(1+$C$13)^DF$61 -> 294.36192 | DG74: =(AG74*(CG74/1000)+(Satokasvi!$E$28-Satokasvi!$E$7))/(1+$C$13)^DG$61 -> 414.02935 | DH74: =(AH74*(CH74/1000)+(Satokasvi!$E$28-Satokasvi!$E$7))/(1+$C$13)^DH$61 -> 97.761567 | DI74: =(AI74*(CI74/1000)+(Satokasvi!$E$28-Satokasvi!$E$7))/(1+$C$13)^DI$61 -> 329.22918 | ... DZ74: =(AZ74*(CZ74/1000)+(Satokasvi!$E$28-Satokasvi!$E$7))/(1+$C$13)^DZ$61 -> 146.59929 | EB74: =IF(C$11="x",Toimenpiteet!$E$115,BB74*(CB74/1000)+(Satokasvi!$E$28-Satokasvi!$E$7)+IF(C$8="x",Toimenpiteet!$E$29,0)+IF(C$9="x",Toimenpiteet!$E$60,0)+IF(C$10="x",Toimenpiteet!$E$88,0))/(1+$C$13)^EB$61 -> 111.84911 | EC74: =IF(D$11="x",Toimenpiteet!$E$115,BC74*(CC74/1000)+(Satokasvi!$E$28-Satokasvi!$E$7)+IF(D$8="x",Toimenpiteet!$E$29,0)+IF(D$9="x",Toimenpiteet!$E$60,0)+IF(D$10="x",Toimenpiteet!$E$88,0))/(1+$C$13)^EC$61 -> 259.01591 | ED74: =IF(E$11="x",Toimenpiteet!$E$115,BD74*(CD74/1000)+(Satokasvi!$E$28-Satokasvi!$E$7)+IF(E$8="x",Toimenpiteet!$E$29,0)+IF(E$9="x",Toimenpiteet!$E$60,0)+IF(E$10="x",Toimenpiteet!$E$88,0))/(1+$C$13)^ED$61 -> 321.70347 | EE74: =IF(F$11="x",Toimenpiteet!$E$115,BE74*(CE74/1000)+(Satokasvi!$E$28-Satokasvi!$E$7)+IF(F$8="x",Toimenpiteet!$E$29,0)+IF(F$9="x",Toimenpiteet!$E$60,0)+IF(F$10="x",Toimenpiteet!$E$88,0))/(1+$C$13)^EE$61 -> 378.82664 | EF74: =IF(G$11="x",Toimenpiteet!$E$115,BF74*(CF74/1000)+(Satokasvi!$E$28-Satokasvi!$E$7)+IF(G$8="x",Toimenpiteet!$E$29,0)+IF(G$9="x",Toimenpiteet!$E$60,0)+IF(G$10="x",Toimenpiteet!$E$88,0))/(1+$C$13)^EF$61 -> 254.82656 | EG74: =IF(H$11="x",Toimenpiteet!$E$115,BG74*(CG74/1000)+(Satokasvi!$E$28-Satokasvi!$E$7)+IF(H$8="x",Toimenpiteet!$E$29,0)+IF(H$9="x",Toimenpiteet!$E$60,0)+IF(H$10="x",Toimenpiteet!$E$88,0))/(1+$C$13)^EG$61 -> 342.96968 | EH74: =IF(I$11="x",Toimenpiteet!$E$115,BH74*(CH74/1000)+(Satokasvi!$E$28-Satokasvi!$E$7)+IF(I$8="x",Toimenpiteet!$E$29,0)+IF(I$9="x",Toimenpiteet!$E$60,0)+IF(I$10="x",Toimenpiteet!$E$88,0))/(1+$C$13)^EH$61 -> 106.28397 | EI74: =IF(J$11="x",Toimenpiteet!$E$115,BI74*(CI74/1000)+(Satokasvi!$E$28-Satokasvi!$E$7)+IF(J$8="x",Toimenpiteet!$E$29,0)+IF(J$9="x",Toimenpiteet!$E$60,0)+IF(J$10="x",Toimenpiteet!$E$88,0))/(1+$C$13)^EI$61 -> 277.79988 | ... EZ74: =IF(AA$11="x",Toimenpiteet!$E$115,BZ74*(CZ74/1000)+(Satokasvi!$E$28-Satokasvi!$E$7)+IF(AA$8="x",Toimenpiteet!$E$29,0)+IF(AA$9="x",Toimenpiteet!$E$60,0)+IF(AA$10="x",Toimenpiteet!$E$88,0))/(1+$C$13)^EZ$61 -> 128.88359 | FB74: =DB74 -> 108.953 | FC74: =FB74+DC74 -> 417.69176 | FD74: =FC74+DD74 -> 808.65582 | FE74: =FD74+DE74 -> 1273.3001 | FF74: =FE74+DF74 -> 1567.662 | FG74: =FF74+DG74 -> 1981.6913 | FH74: =FG74+DH74 -> 2079.4529 | FI74: =FH74+DI74 -> 2408.6821 | FJ74: =FI74+DJ74 -> 2945.6807 | ... FZ74: =FY74+DZ74 -> 6454.5058 | GB74: =EB74 -> 111.84911 | GC74: =GB74+EC74 -> 370.86502 | GD74: =GC74+ED74 -> 692.56849 | GE74: =GD74+EE74 -> 1071.3951 | GF74: =GE74+EF74 -> 1326.2217 | GG74: =GF74+EG74 -> 1669.1914 | GH74: =GG74+EH74 -> 1775.4753 | GI74: =GH74+EI74 -> 2053.2752 | GJ74: =GI74+EJ74 -> 2484.9595 | ... GZ74: =GY74+EZ74 -> 5495.5729 | HB74: =_xlfn.XLOOKUP($BE$18,$FB$61:$FZ$61,FB74:FZ74) -> 3378.7871 | HC74: =_xlfn.XLOOKUP($BE$18,$GB$61:$GZ$61,GB74:GZ74) -> 2838.3055 | HF74: =HF73+($BI$11-$BI$10)/9 -> 0.055555556 | HG74: =IF(HG$61<$BI$9,$HF74/$BI$9*HG$61,$HF74/$BI$9*$BI$9) -> 0.0055555556 | HH74: =IF(HH$61<$BI$9,$HF74/$BI$9*HH$61,$HF74/$BI$9*$BI$9) -> 0.011111111 | HI74: =IF(HI$61<$BI$9,$HF74/$BI$9*HI$61,$HF74/$BI$9*$BI$9) -> 0.016666667 | HJ74: =IF(HJ$61<$BI$9,$HF74/$BI$9*HJ$61,$HF74/$BI$9*$BI$9) -> 0.022222222 | HK74: =IF(HK$61<$BI$9,$HF74/$BI$9*HK$61,$HF74/$BI$9*$BI$9) -> 0.027777778 | HL74: =IF(HL$61<$BI$9,$HF74/$BI$9*HL$61,$HF74/$BI$9*$BI$9) -> 0.033333333 | HM74: =IF(HM$61<$BI$9,$HF74/$BI$9*HM$61,$HF74/$BI$9*$BI$9) -> 0.038888889 | HN74: =IF(HN$61<$BI$9,$HF74/$BI$9*HN$61,$HF74/$BI$9*$BI$9) -> 0.044444444 | ... IE74: =IF(IE$61<$BI$9,$HF74/$BI$9*IE$61,$HF74/$BI$9*$BI$9) -> 0.055555556
B75: =RAND() -> 0.34358415 | C75: =RAND() -> 0.56660197 | D75: =RAND() -> 0.95027888 | E75: =RAND() -> 0.35079973 | F75: =RAND() -> 0.86162995 | G75: =RAND() -> 0.14552881 | H75: =RAND() -> 0.28958277 | I75: =RAND() -> 0.77150386 | ... Z75: =RAND() -> 0.55854449 | AB75: =_xlfn.NORM.INV(B75,Satokasvi!$H$8,Satokasvi!$I$8)*_xlfn.BINOM.INV(1,(1-Satokasvi!$H$15),B75) -> 3399.3248 | AC75: =_xlfn.NORM.INV(C75,Satokasvi!$H$8,Satokasvi!$I$8)*_xlfn.BINOM.INV(1,(1-Satokasvi!$H$15),C75) -> 3541.9324 | AD75: =_xlfn.NORM.INV(D75,Satokasvi!$H$8,Satokasvi!$I$8)*_xlfn.BINOM.INV(1,(1-Satokasvi!$H$15),D75) -> 3911.8909 | AE75: =_xlfn.NORM.INV(E75,Satokasvi!$H$8,Satokasvi!$I$8)*_xlfn.BINOM.INV(1,(1-Satokasvi!$H$15),E75) -> 3404.2094 | AF75: =_xlfn.NORM.INV(F75,Satokasvi!$H$8,Satokasvi!$I$8)*_xlfn.BINOM.INV(1,(1-Satokasvi!$H$15),F75) -> 3771.9179 | AG75: =_xlfn.NORM.INV(G75,Satokasvi!$H$8,Satokasvi!$I$8)*_xlfn.BINOM.INV(1,(1-Satokasvi!$H$15),G75) -> 3236.0489 | AH75: =_xlfn.NORM.INV(H75,Satokasvi!$H$8,Satokasvi!$I$8)*_xlfn.BINOM.INV(1,(1-Satokasvi!$H$15),H75) -> 3361.349 | AI75: =_xlfn.NORM.INV(I75,Satokasvi!$H$8,Satokasvi!$I$8)*_xlfn.BINOM.INV(1,(1-Satokasvi!$H$15),I75) -> 3685.9521 | ... AZ75: =_xlfn.NORM.INV(Z75,Satokasvi!$H$8,Satokasvi!$I$8)*_xlfn.BINOM.INV(1,(1-Satokasvi!$H$15),Z75) -> 3536.82 | BB75: =IF(C$11="x",0,_xlfn.NORM.INV(B75,Satokasvi!$H$8,Satokasvi!$I$8)*IF(C$8="x",(1+Toimenpiteet!$C$7),1)*IF(C$9="x",(1+Toimenpiteet!$C$34),1)*(1+C$30)*_xlfn.BINOM.INV(1,(1-(Satokasvi!$H$15*(1+C$41))),B75)) -> 2464.6464 | BC75: =IF(D$11="x",0,_xlfn.NORM.INV(C75,Satokasvi!$H$8,Satokasvi!$I$8)*IF(D$8="x",(1+Toimenpiteet!$C$7),1)*IF(D$9="x",(1+Toimenpiteet!$C$34),1)*(1+D$30)*_xlfn.BINOM.INV(1,(1-(Satokasvi!$H$15*(1+D$41))),C75)) -> 2585.894 | BD75: =IF(E$11="x",0,_xlfn.NORM.INV(D75,Satokasvi!$H$8,Satokasvi!$I$8)*IF(E$8="x",(1+Toimenpiteet!$C$7),1)*IF(E$9="x",(1+Toimenpiteet!$C$34),1)*(1+E$30)*_xlfn.BINOM.INV(1,(1-(Satokasvi!$H$15*(1+E$41))),D75)) -> 2875.7093 | BE75: =IF(F$11="x",0,_xlfn.NORM.INV(E75,Satokasvi!$H$8,Satokasvi!$I$8)*IF(F$8="x",(1+Toimenpiteet!$C$7),1)*IF(F$9="x",(1+Toimenpiteet!$C$34),1)*(1+F$30)*_xlfn.BINOM.INV(1,(1-(Satokasvi!$H$15*(1+F$41))),E75)) -> 2519.6597 | BF75: =IF(G$11="x",0,_xlfn.NORM.INV(F75,Satokasvi!$H$8,Satokasvi!$I$8)*IF(G$8="x",(1+Toimenpiteet!$C$7),1)*IF(G$9="x",(1+Toimenpiteet!$C$34),1)*(1+G$30)*_xlfn.BINOM.INV(1,(1-(Satokasvi!$H$15*(1+G$41))),F75)) -> 2810.8332 | BG75: =IF(H$11="x",0,_xlfn.NORM.INV(G75,Satokasvi!$H$8,Satokasvi!$I$8)*IF(H$8="x",(1+Toimenpiteet!$C$7),1)*IF(H$9="x",(1+Toimenpiteet!$C$34),1)*(1+H$30)*_xlfn.BINOM.INV(1,(1-(Satokasvi!$H$15*(1+H$41))),G75)) -> 2411.5037 | BH75: =IF(I$11="x",0,_xlfn.NORM.INV(H75,Satokasvi!$H$8,Satokasvi!$I$8)*IF(I$8="x",(1+Toimenpiteet!$C$7),1)*IF(I$9="x",(1+Toimenpiteet!$C$34),1)*(1+I$30)*_xlfn.BINOM.INV(1,(1-(Satokasvi!$H$15*(1+I$41))),H75)) -> 2504.8773 | BI75: =IF(J$11="x",0,_xlfn.NORM.INV(I75,Satokasvi!$H$8,Satokasvi!$I$8)*IF(J$8="x",(1+Toimenpiteet!$C$7),1)*IF(J$9="x",(1+Toimenpiteet!$C$34),1)*(1+J$30)*_xlfn.BINOM.INV(1,(1-(Satokasvi!$H$15*(1+J$41))),I75)) -> 2746.7715 | ... BZ75: =IF(AA$11="x",0,_xlfn.NORM.INV(Z75,Satokasvi!$H$8,Satokasvi!$I$8)*IF(AA$8="x",(1+Toimenpiteet!$C$7),1)*IF(AA$9="x",(1+Toimenpiteet!$C$34),1)*(1+AA$30)*_xlfn.BINOM.INV(1,(1-(Satokasvi!$H$15*(1+AA$41))),Z75)) -> 2635.6383 | CB75: =_xlfn.NORM.INV(RAND(),Satokasvi!$H$13,Satokasvi!$I$13) -> 219.07986 | CC75: =_xlfn.NORM.INV(RAND(),Satokasvi!$H$13,Satokasvi!$I$13) -> 267.72189 | CD75: =_xlfn.NORM.INV(RAND(),Satokasvi!$H$13,Satokasvi!$I$13) -> 259.6663 | CE75: =_xlfn.NORM.INV(RAND(),Satokasvi!$H$13,Satokasvi!$I$13) -> 165.45608 | CF75: =_xlfn.NORM.INV(RAND(),Satokasvi!$H$13,Satokasvi!$I$13) -> 213.98701 | CG75: =_xlfn.NORM.INV(RAND(),Satokasvi!$H$13,Satokasvi!$I$13) -> 226.58181 | CH75: =_xlfn.NORM.INV(RAND(),Satokasvi!$H$13,Satokasvi!$I$13) -> 139.58109 | CI75: =_xlfn.NORM.INV(RAND(),Satokasvi!$H$13,Satokasvi!$I$13) -> 209.94245 | ... CZ75: =_xlfn.NORM.INV(RAND(),Satokasvi!$H$13,Satokasvi!$I$13) -> 217.37715 | DB75: =(AB75*(CB75/1000)+(Satokasvi!$E$28-Satokasvi!$E$7))/(1+$C$13)^DB$61 -> 372.54719 | DC75: =(AC75*(CC75/1000)+(Satokasvi!$E$28-Satokasvi!$E$7))/(1+$C$13)^DC$61 -> 553.54212 | DD75: =(AD75*(CD75/1000)+(Satokasvi!$E$28-Satokasvi!$E$7))/(1+$C$13)^DD$61 -> 599.22217 | DE75: =(AE75*(CE75/1000)+(Satokasvi!$E$28-Satokasvi!$E$7))/(1+$C$13)^DE$61 -> 179.69399 | DF75: =(AF75*(CF75/1000)+(Satokasvi!$E$28-Satokasvi!$E$7))/(1+$C$13)^DF$61 -> 384.84553 | DG75: =(AG75*(CG75/1000)+(Satokasvi!$E$28-Satokasvi!$E$7))/(1+$C$13)^DG$61 -> 311.73663 | DH75: =(AH75*(CH75/1000)+(Satokasvi!$E$28-Satokasvi!$E$7))/(1+$C$13)^DH$61 -> 87.960842 | DI75: =(AI75*(CI75/1000)+(Satokasvi!$E$28-Satokasvi!$E$7))/(1+$C$13)^DI$61 -> 325.89798 | ... DZ75: =(AZ75*(CZ75/1000)+(Satokasvi!$E$28-Satokasvi!$E$7))/(1+$C$13)^DZ$61 -> 194.77894 | EB75: =IF(C$11="x",Toimenpiteet!$E$115,BB75*(CB75/1000)+(Satokasvi!$E$28-Satokasvi!$E$7)+IF(C$8="x",Toimenpiteet!$E$29,0)+IF(C$9="x",Toimenpiteet!$E$60,0)+IF(C$10="x",Toimenpiteet!$E$88,0))/(1+$C$13)^EB$61 -> 302.96544 | EC75: =IF(D$11="x",Toimenpiteet!$E$115,BC75*(CC75/1000)+(Satokasvi!$E$28-Satokasvi!$E$7)+IF(D$8="x",Toimenpiteet!$E$29,0)+IF(D$9="x",Toimenpiteet!$E$60,0)+IF(D$10="x",Toimenpiteet!$E$88,0))/(1+$C$13)^EC$61 -> 437.74195 | ED75: =IF(E$11="x",Toimenpiteet!$E$115,BD75*(CD75/1000)+(Satokasvi!$E$28-Satokasvi!$E$7)+IF(E$8="x",Toimenpiteet!$E$29,0)+IF(E$9="x",Toimenpiteet!$E$60,0)+IF(E$10="x",Toimenpiteet!$E$88,0))/(1+$C$13)^ED$61 -> 474.79817 | EE75: =IF(F$11="x",Toimenpiteet!$E$115,BE75*(CE75/1000)+(Satokasvi!$E$28-Satokasvi!$E$7)+IF(F$8="x",Toimenpiteet!$E$29,0)+IF(F$9="x",Toimenpiteet!$E$60,0)+IF(F$10="x",Toimenpiteet!$E$88,0))/(1+$C$13)^EE$61 -> 167.91785 | EF75: =IF(G$11="x",Toimenpiteet!$E$115,BF75*(CF75/1000)+(Satokasvi!$E$28-Satokasvi!$E$7)+IF(G$8="x",Toimenpiteet!$E$29,0)+IF(G$9="x",Toimenpiteet!$E$60,0)+IF(G$10="x",Toimenpiteet!$E$88,0))/(1+$C$13)^EF$61 -> 322.25495 | EG75: =IF(H$11="x",Toimenpiteet!$E$115,BG75*(CG75/1000)+(Satokasvi!$E$28-Satokasvi!$E$7)+IF(H$8="x",Toimenpiteet!$E$29,0)+IF(H$9="x",Toimenpiteet!$E$60,0)+IF(H$10="x",Toimenpiteet!$E$88,0))/(1+$C$13)^EG$61 -> 266.74114 | EH75: =IF(I$11="x",Toimenpiteet!$E$115,BH75*(CH75/1000)+(Satokasvi!$E$28-Satokasvi!$E$7)+IF(I$8="x",Toimenpiteet!$E$29,0)+IF(I$9="x",Toimenpiteet!$E$60,0)+IF(I$10="x",Toimenpiteet!$E$88,0))/(1+$C$13)^EH$61 -> 98.980466 | EI75: =IF(J$11="x",Toimenpiteet!$E$115,BI75*(CI75/1000)+(Satokasvi!$E$28-Satokasvi!$E$7)+IF(J$8="x",Toimenpiteet!$E$29,0)+IF(J$9="x",Toimenpiteet!$E$60,0)+IF(J$10="x",Toimenpiteet!$E$88,0))/(1+$C$13)^EI$61 -> 275.31747 | ... EZ75: =IF(AA$11="x",Toimenpiteet!$E$115,BZ75*(CZ75/1000)+(Satokasvi!$E$28-Satokasvi!$E$7)+IF(AA$8="x",Toimenpiteet!$E$29,0)+IF(AA$9="x",Toimenpiteet!$E$60,0)+IF(AA$10="x",Toimenpiteet!$E$88,0))/(1+$C$13)^EZ$61 -> 164.78707 | FB75: =DB75 -> 372.54719 | FC75: =FB75+DC75 -> 926.08931 | FD75: =FC75+DD75 -> 1525.3115 | FE75: =FD75+DE75 -> 1705.0055 | FF75: =FE75+DF75 -> 2089.851 | FG75: =FF75+DG75 -> 2401.5876 | FH75: =FG75+DH75 -> 2489.5485 | FI75: =FH75+DI75 -> 2815.4464 | FJ75: =FI75+DJ75 -> 2868.1132 | ... FZ75: =FY75+DZ75 -> 4626.5315 | GB75: =EB75 -> 302.96544 | GC75: =GB75+EC75 -> 740.70739 | GD75: =GC75+ED75 -> 1215.5056 | GE75: =GD75+EE75 -> 1383.4234 | GF75: =GE75+EF75 -> 1705.6784 | GG75: =GF75+EG75 -> 1972.4195 | GH75: =GG75+EH75 -> 2071.4 | GI75: =GH75+EI75 -> 2346.7174 | GJ75: =GI75+EJ75 -> 2417.4776 | ... GZ75: =GY75+EZ75 -> 4123.6878 | HB75: =_xlfn.XLOOKUP($BE$18,$FB$61:$FZ$61,FB75:FZ75) -> 3096.8917 | HC75: =_xlfn.XLOOKUP($BE$18,$GB$61:$GZ$61,GB75:GZ75) -> 2618.5584 | HF75: =HF74+($BI$11-$BI$10)/9 -> 0.077777778 | HG75: =IF(HG$61<$BI$9,$HF75/$BI$9*HG$61,$HF75/$BI$9*$BI$9) -> 0.0077777778 | HH75: =IF(HH$61<$BI$9,$HF75/$BI$9*HH$61,$HF75/$BI$9*$BI$9) -> 0.015555556 | HI75: =IF(HI$61<$BI$9,$HF75/$BI$9*HI$61,$HF75/$BI$9*$BI$9) -> 0.023333333 | HJ75: =IF(HJ$61<$BI$9,$HF75/$BI$9*HJ$61,$HF75/$BI$9*$BI$9) -> 0.031111111 | HK75: =IF(HK$61<$BI$9,$HF75/$BI$9*HK$61,$HF75/$BI$9*$BI$9) -> 0.038888889 | HL75: =IF(HL$61<$BI$9,$HF75/$BI$9*HL$61,$HF75/$BI$9*$BI$9) -> 0.046666667 | HM75: =IF(HM$61<$BI$9,$HF75/$BI$9*HM$61,$HF75/$BI$9*$BI$9) -> 0.054444444 | HN75: =IF(HN$61<$BI$9,$HF75/$BI$9*HN$61,$HF75/$BI$9*$BI$9) -> 0.062222222 | ... IE75: =IF(IE$61<$BI$9,$HF75/$BI$9*IE$61,$HF75/$BI$9*$BI$9) -> 0.077777778
B76: =RAND() -> 0.95419134 | C76: =RAND() -> 0.58025128 | D76: =RAND() -> 0.26631314 | E76: =RAND() -> 0.79042901 | F76: =RAND() -> 0.77332396 | G76: =RAND() -> 0.60558583 | H76: =RAND() -> 0.022078368 | I76: =RAND() -> 0.50915335 | ... Z76: =RAND() -> 0.010060242 | AB76: =_xlfn.NORM.INV(B76,Satokasvi!$H$8,Satokasvi!$I$8)*_xlfn.BINOM.INV(1,(1-Satokasvi!$H$15),B76) -> 3921.7318 | AC76: =_xlfn.NORM.INV(C76,Satokasvi!$H$8,Satokasvi!$I$8)*_xlfn.BINOM.INV(1,(1-Satokasvi!$H$15),C76) -> 3550.6341 | AD76: =_xlfn.NORM.INV(D76,Satokasvi!$H$8,Satokasvi!$I$8)*_xlfn.BINOM.INV(1,(1-Satokasvi!$H$15),D76) -> 3343.9995 | AE76: =_xlfn.NORM.INV(E76,Satokasvi!$H$8,Satokasvi!$I$8)*_xlfn.BINOM.INV(1,(1-Satokasvi!$H$15),E76) -> 3701.9777 | AF76: =_xlfn.NORM.INV(F76,Satokasvi!$H$8,Satokasvi!$I$8)*_xlfn.BINOM.INV(1,(1-Satokasvi!$H$15),F76) -> 3687.4596 | AG76: =_xlfn.NORM.INV(G76,Satokasvi!$H$8,Satokasvi!$I$8)*_xlfn.BINOM.INV(1,(1-Satokasvi!$H$15),G76) -> 3566.9581 | AH76: =_xlfn.NORM.INV(H76,Satokasvi!$H$8,Satokasvi!$I$8)*_xlfn.BINOM.INV(1,(1-Satokasvi!$H$15),H76) -> 0 | AI76: =_xlfn.NORM.INV(I76,Satokasvi!$H$8,Satokasvi!$I$8)*_xlfn.BINOM.INV(1,(1-Satokasvi!$H$15),I76) -> 3505.7365 | ... AZ76: =_xlfn.NORM.INV(Z76,Satokasvi!$H$8,Satokasvi!$I$8)*_xlfn.BINOM.INV(1,(1-Satokasvi!$H$15),Z76) -> 0 | BB76: =IF(C$11="x",0,_xlfn.NORM.INV(B76,Satokasvi!$H$8,Satokasvi!$I$8)*IF(C$8="x",(1+Toimenpiteet!$C$7),1)*IF(C$9="x",(1+Toimenpiteet!$C$34),1)*(1+C$30)*_xlfn.BINOM.INV(1,(1-(Satokasvi!$H$15*(1+C$41))),B76)) -> 2843.4125 | BC76: =IF(D$11="x",0,_xlfn.NORM.INV(C76,Satokasvi!$H$8,Satokasvi!$I$8)*IF(D$8="x",(1+Toimenpiteet!$C$7),1)*IF(D$9="x",(1+Toimenpiteet!$C$34),1)*(1+D$30)*_xlfn.BINOM.INV(1,(1-(Satokasvi!$H$15*(1+D$41))),C76)) -> 2592.2469 | BD76: =IF(E$11="x",0,_xlfn.NORM.INV(D76,Satokasvi!$H$8,Satokasvi!$I$8)*IF(E$8="x",(1+Toimenpiteet!$C$7),1)*IF(E$9="x",(1+Toimenpiteet!$C$34),1)*(1+E$30)*_xlfn.BINOM.INV(1,(1-(Satokasvi!$H$15*(1+E$41))),D76)) -> 2458.2409 | BE76: =IF(F$11="x",0,_xlfn.NORM.INV(E76,Satokasvi!$H$8,Satokasvi!$I$8)*IF(F$8="x",(1+Toimenpiteet!$C$7),1)*IF(F$9="x",(1+Toimenpiteet!$C$34),1)*(1+F$30)*_xlfn.BINOM.INV(1,(1-(Satokasvi!$H$15*(1+F$41))),E76)) -> 2740.0558 | BF76: =IF(G$11="x",0,_xlfn.NORM.INV(F76,Satokasvi!$H$8,Satokasvi!$I$8)*IF(G$8="x",(1+Toimenpiteet!$C$7),1)*IF(G$9="x",(1+Toimenpiteet!$C$34),1)*(1+G$30)*_xlfn.BINOM.INV(1,(1-(Satokasvi!$H$15*(1+G$41))),F76)) -> 2747.8949 | BG76: =IF(H$11="x",0,_xlfn.NORM.INV(G76,Satokasvi!$H$8,Satokasvi!$I$8)*IF(H$8="x",(1+Toimenpiteet!$C$7),1)*IF(H$9="x",(1+Toimenpiteet!$C$34),1)*(1+H$30)*_xlfn.BINOM.INV(1,(1-(Satokasvi!$H$15*(1+H$41))),G76)) -> 2658.0972 | BH76: =IF(I$11="x",0,_xlfn.NORM.INV(H76,Satokasvi!$H$8,Satokasvi!$I$8)*IF(I$8="x",(1+Toimenpiteet!$C$7),1)*IF(I$9="x",(1+Toimenpiteet!$C$34),1)*(1+I$30)*_xlfn.BINOM.INV(1,(1-(Satokasvi!$H$15*(1+I$41))),H76)) -> 0 | BI76: =IF(J$11="x",0,_xlfn.NORM.INV(I76,Satokasvi!$H$8,Satokasvi!$I$8)*IF(J$8="x",(1+Toimenpiteet!$C$7),1)*IF(J$9="x",(1+Toimenpiteet!$C$34),1)*(1+J$30)*_xlfn.BINOM.INV(1,(1-(Satokasvi!$H$15*(1+J$41))),I76)) -> 2612.4748 | ... BZ76: =IF(AA$11="x",0,_xlfn.NORM.INV(Z76,Satokasvi!$H$8,Satokasvi!$I$8)*IF(AA$8="x",(1+Toimenpiteet!$C$7),1)*IF(AA$9="x",(1+Toimenpiteet!$C$34),1)*(1+AA$30)*_xlfn.BINOM.INV(1,(1-(Satokasvi!$H$15*(1+AA$41))),Z76)) -> 0 | CB76: =_xlfn.NORM.INV(RAND(),Satokasvi!$H$13,Satokasvi!$I$13) -> 333.95609 | CC76: =_xlfn.NORM.INV(RAND(),Satokasvi!$H$13,Satokasvi!$I$13) -> 246.75672 | CD76: =_xlfn.NORM.INV(RAND(),Satokasvi!$H$13,Satokasvi!$I$13) -> 138.7644 | CE76: =_xlfn.NORM.INV(RAND(),Satokasvi!$H$13,Satokasvi!$I$13) -> 195.47833 | CF76: =_xlfn.NORM.INV(RAND(),Satokasvi!$H$13,Satokasvi!$I$13) -> 182.31899 | CG76: =_xlfn.NORM.INV(RAND(),Satokasvi!$H$13,Satokasvi!$I$13) -> 269.60513 | CH76: =_xlfn.NORM.INV(RAND(),Satokasvi!$H$13,Satokasvi!$I$13) -> 131.70839 | CI76: =_xlfn.NORM.INV(RAND(),Satokasvi!$H$13,Satokasvi!$I$13) -> 162.32163 | ... CZ76: =_xlfn.NORM.INV(RAND(),Satokasvi!$H$13,Satokasvi!$I$13) -> 194.93975 | DB76: =(AB76*(CB76/1000)+(Satokasvi!$E$28-Satokasvi!$E$7))/(1+$C$13)^DB$61 -> 921.05461 | DC76: =(AC76*(CC76/1000)+(Satokasvi!$E$28-Satokasvi!$E$7))/(1+$C$13)^DC$61 -> 485.5715 | DD76: =(AD76*(CD76/1000)+(Satokasvi!$E$28-Satokasvi!$E$7))/(1+$C$13)^DD$61 -> 94.285293 | DE76: =(AE76*(CE76/1000)+(Satokasvi!$E$28-Satokasvi!$E$7))/(1+$C$13)^DE$61 -> 322.21552 | DF76: =(AF76*(CF76/1000)+(Satokasvi!$E$28-Satokasvi!$E$7))/(1+$C$13)^DF$61 -> 268.52485 | DG76: =(AG76*(CG76/1000)+(Satokasvi!$E$28-Satokasvi!$E$7))/(1+$C$13)^DG$61 -> 503.05185 | DH76: =(AH76*(CH76/1000)+(Satokasvi!$E$28-Satokasvi!$E$7))/(1+$C$13)^DH$61 -> -293.52604 | DI76: =(AI76*(CI76/1000)+(Satokasvi!$E$28-Satokasvi!$E$7))/(1+$C$13)^DI$61 -> 164.24201 | ... DZ76: =(AZ76*(CZ76/1000)+(Satokasvi!$E$28-Satokasvi!$E$7))/(1+$C$13)^DZ$61 -> -172.41561 | EB76: =IF(C$11="x",Toimenpiteet!$E$115,BB76*(CB76/1000)+(Satokasvi!$E$28-Satokasvi!$E$7)+IF(C$8="x",Toimenpiteet!$E$29,0)+IF(C$9="x",Toimenpiteet!$E$60,0)+IF(C$10="x",Toimenpiteet!$E$88,0))/(1+$C$13)^EB$61 -> 700.65526 | EC76: =IF(D$11="x",Toimenpiteet!$E$115,BC76*(CC76/1000)+(Satokasvi!$E$28-Satokasvi!$E$7)+IF(D$8="x",Toimenpiteet!$E$29,0)+IF(D$9="x",Toimenpiteet!$E$60,0)+IF(D$10="x",Toimenpiteet!$E$88,0))/(1+$C$13)^EC$61 -> 388.11796 | ED76: =IF(E$11="x",Toimenpiteet!$E$115,BD76*(CD76/1000)+(Satokasvi!$E$28-Satokasvi!$E$7)+IF(E$8="x",Toimenpiteet!$E$29,0)+IF(E$9="x",Toimenpiteet!$E$60,0)+IF(E$10="x",Toimenpiteet!$E$88,0))/(1+$C$13)^ED$61 -> 103.60898 | EE76: =IF(F$11="x",Toimenpiteet!$E$115,BE76*(CE76/1000)+(Satokasvi!$E$28-Satokasvi!$E$7)+IF(F$8="x",Toimenpiteet!$E$29,0)+IF(F$9="x",Toimenpiteet!$E$60,0)+IF(F$10="x",Toimenpiteet!$E$88,0))/(1+$C$13)^EE$61 -> 273.40659 | EF76: =IF(G$11="x",Toimenpiteet!$E$115,BF76*(CF76/1000)+(Satokasvi!$E$28-Satokasvi!$E$7)+IF(G$8="x",Toimenpiteet!$E$29,0)+IF(G$9="x",Toimenpiteet!$E$60,0)+IF(G$10="x",Toimenpiteet!$E$88,0))/(1+$C$13)^EF$61 -> 235.57278 | EG76: =IF(H$11="x",Toimenpiteet!$E$115,BG76*(CG76/1000)+(Satokasvi!$E$28-Satokasvi!$E$7)+IF(H$8="x",Toimenpiteet!$E$29,0)+IF(H$9="x",Toimenpiteet!$E$60,0)+IF(H$10="x",Toimenpiteet!$E$88,0))/(1+$C$13)^EG$61 -> 409.30925 | EH76: =IF(I$11="x",Toimenpiteet!$E$115,BH76*(CH76/1000)+(Satokasvi!$E$28-Satokasvi!$E$7)+IF(I$8="x",Toimenpiteet!$E$29,0)+IF(I$9="x",Toimenpiteet!$E$60,0)+IF(I$10="x",Toimenpiteet!$E$88,0))/(1+$C$13)^EH$61 -> -185.30356 | EI76: =IF(J$11="x",Toimenpiteet!$E$115,BI76*(CI76/1000)+(Satokasvi!$E$28-Satokasvi!$E$7)+IF(J$8="x",Toimenpiteet!$E$29,0)+IF(J$9="x",Toimenpiteet!$E$60,0)+IF(J$10="x",Toimenpiteet!$E$88,0))/(1+$C$13)^EI$61 -> 154.85144 | ... EZ76: =IF(AA$11="x",Toimenpiteet!$E$115,BZ76*(CZ76/1000)+(Satokasvi!$E$28-Satokasvi!$E$7)+IF(AA$8="x",Toimenpiteet!$E$29,0)+IF(AA$9="x",Toimenpiteet!$E$60,0)+IF(AA$10="x",Toimenpiteet!$E$88,0))/(1+$C$13)^EZ$61 -> -108.84631 | FB76: =DB76 -> 921.05461 | FC76: =FB76+DC76 -> 1406.6261 | FD76: =FC76+DD76 -> 1500.9114 | FE76: =FD76+DE76 -> 1823.1269 | FF76: =FE76+DF76 -> 2091.6518 | FG76: =FF76+DG76 -> 2594.7036 | FH76: =FG76+DH76 -> 2301.1776 | FI76: =FH76+DI76 -> 2465.4196 | FJ76: =FI76+DJ76 -> 2908.7449 | ... FZ76: =FY76+DZ76 -> 4734.7958 | GB76: =EB76 -> 700.65526 | GC76: =GB76+EC76 -> 1088.7732 | GD76: =GC76+ED76 -> 1192.3822 | GE76: =GD76+EE76 -> 1465.7888 | GF76: =GE76+EF76 -> 1701.3616 | GG76: =GF76+EG76 -> 2110.6708 | GH76: =GG76+EH76 -> 1925.3672 | GI76: =GH76+EI76 -> 2080.2187 | GJ76: =GI76+EJ76 -> 2442.0976 | ... GZ76: =GY76+EZ76 -> 4198.7076 | HB76: =_xlfn.XLOOKUP($BE$18,$FB$61:$FZ$61,FB76:FZ76) -> 2850.7896 | HC76: =_xlfn.XLOOKUP($BE$18,$GB$61:$GZ$61,GB76:GZ76) -> 2429.5043 | HF76: =HF75+($BI$11-$BI$10)/9 -> 0.1 | HG76: =IF(HG$61<$BI$9,$HF76/$BI$9*HG$61,$HF76/$BI$9*$BI$9) -> 0.01 | HH76: =IF(HH$61<$BI$9,$HF76/$BI$9*HH$61,$HF76/$BI$9*$BI$9) -> 0.02 | HI76: =IF(HI$61<$BI$9,$HF76/$BI$9*HI$61,$HF76/$BI$9*$BI$9) -> 0.03 | HJ76: =IF(HJ$61<$BI$9,$HF76/$BI$9*HJ$61,$HF76/$BI$9*$BI$9) -> 0.04 | HK76: =IF(HK$61<$BI$9,$HF76/$BI$9*HK$61,$HF76/$BI$9*$BI$9) -> 0.05 | HL76: =IF(HL$61<$BI$9,$HF76/$BI$9*HL$61,$HF76/$BI$9*$BI$9) -> 0.06 | HM76: =IF(HM$61<$BI$9,$HF76/$BI$9*HM$61,$HF76/$BI$9*$BI$9) -> 0.07 | HN76: =IF(HN$61<$BI$9,$HF76/$BI$9*HN$61,$HF76/$BI$9*$BI$9) -> 0.08 | ... IE76: =IF(IE$61<$BI$9,$HF76/$BI$9*IE$61,$HF76/$BI$9*$BI$9) -> 0.1
B77: =RAND() -> 0.20477123 | C77: =RAND() -> 0.67157564 | D77: =RAND() -> 0.20756973 | E77: =RAND() -> 0.77639857 | F77: =RAND() -> 0.55085574 | G77: =RAND() -> 0.79202496 | H77: =RAND() -> 0.3374466 | I77: =RAND() -> 0.56065044 | ... Z77: =RAND() -> 0.93978088 | AB77: =_xlfn.NORM.INV(B77,Satokasvi!$H$8,Satokasvi!$I$8)*_xlfn.BINOM.INV(1,(1-Satokasvi!$H$15),B77) -> 3293.8252 | AC77: =_xlfn.NORM.INV(C77,Satokasvi!$H$8,Satokasvi!$I$8)*_xlfn.BINOM.INV(1,(1-Satokasvi!$H$15),C77) -> 3611.067 | AD77: =_xlfn.NORM.INV(D77,Satokasvi!$H$8,Satokasvi!$I$8)*_xlfn.BINOM.INV(1,(1-Satokasvi!$H$15),D77) -> 3296.2793 | AE77: =_xlfn.NORM.INV(E77,Satokasvi!$H$8,Satokasvi!$I$8)*_xlfn.BINOM.INV(1,(1-Satokasvi!$H$15),E77) -> 3690.0216 | AF77: =_xlfn.NORM.INV(F77,Satokasvi!$H$8,Satokasvi!$I$8)*_xlfn.BINOM.INV(1,(1-Satokasvi!$H$15),F77) -> 3531.9559 | AG77: =_xlfn.NORM.INV(G77,Satokasvi!$H$8,Satokasvi!$I$8)*_xlfn.BINOM.INV(1,(1-Satokasvi!$H$15),G77) -> 3703.3669 | AH77: =_xlfn.NORM.INV(H77,Satokasvi!$H$8,Satokasvi!$I$8)*_xlfn.BINOM.INV(1,(1-Satokasvi!$H$15),H77) -> 3395.1395 | AI77: =_xlfn.NORM.INV(I77,Satokasvi!$H$8,Satokasvi!$I$8)*_xlfn.BINOM.INV(1,(1-Satokasvi!$H$15),I77) -> 3538.1546 | ... AZ77: =_xlfn.NORM.INV(Z77,Satokasvi!$H$8,Satokasvi!$I$8)*_xlfn.BINOM.INV(1,(1-Satokasvi!$H$15),Z77) -> 3888.2342 | BB77: =IF(C$11="x",0,_xlfn.NORM.INV(B77,Satokasvi!$H$8,Satokasvi!$I$8)*IF(C$8="x",(1+Toimenpiteet!$C$7),1)*IF(C$9="x",(1+Toimenpiteet!$C$34),1)*(1+C$30)*_xlfn.BINOM.INV(1,(1-(Satokasvi!$H$15*(1+C$41))),B77)) -> 2388.155 | BC77: =IF(D$11="x",0,_xlfn.NORM.INV(C77,Satokasvi!$H$8,Satokasvi!$I$8)*IF(D$8="x",(1+Toimenpiteet!$C$7),1)*IF(D$9="x",(1+Toimenpiteet!$C$34),1)*(1+D$30)*_xlfn.BINOM.INV(1,(1-(Satokasvi!$H$15*(1+D$41))),C77)) -> 2636.3678 | BD77: =IF(E$11="x",0,_xlfn.NORM.INV(D77,Satokasvi!$H$8,Satokasvi!$I$8)*IF(E$8="x",(1+Toimenpiteet!$C$7),1)*IF(E$9="x",(1+Toimenpiteet!$C$34),1)*(1+E$30)*_xlfn.BINOM.INV(1,(1-(Satokasvi!$H$15*(1+E$41))),D77)) -> 2423.1609 | BE77: =IF(F$11="x",0,_xlfn.NORM.INV(E77,Satokasvi!$H$8,Satokasvi!$I$8)*IF(F$8="x",(1+Toimenpiteet!$C$7),1)*IF(F$9="x",(1+Toimenpiteet!$C$34),1)*(1+F$30)*_xlfn.BINOM.INV(1,(1-(Satokasvi!$H$15*(1+F$41))),E77)) -> 2731.2064 | BF77: =IF(G$11="x",0,_xlfn.NORM.INV(F77,Satokasvi!$H$8,Satokasvi!$I$8)*IF(G$8="x",(1+Toimenpiteet!$C$7),1)*IF(G$9="x",(1+Toimenpiteet!$C$34),1)*(1+G$30)*_xlfn.BINOM.INV(1,(1-(Satokasvi!$H$15*(1+G$41))),F77)) -> 2632.0135 | BG77: =IF(H$11="x",0,_xlfn.NORM.INV(G77,Satokasvi!$H$8,Satokasvi!$I$8)*IF(H$8="x",(1+Toimenpiteet!$C$7),1)*IF(H$9="x",(1+Toimenpiteet!$C$34),1)*(1+H$30)*_xlfn.BINOM.INV(1,(1-(Satokasvi!$H$15*(1+H$41))),G77)) -> 2759.749 | BH77: =IF(I$11="x",0,_xlfn.NORM.INV(H77,Satokasvi!$H$8,Satokasvi!$I$8)*IF(I$8="x",(1+Toimenpiteet!$C$7),1)*IF(I$9="x",(1+Toimenpiteet!$C$34),1)*(1+I$30)*_xlfn.BINOM.INV(1,(1-(Satokasvi!$H$15*(1+I$41))),H77)) -> 2530.058 | BI77: =IF(J$11="x",0,_xlfn.NORM.INV(I77,Satokasvi!$H$8,Satokasvi!$I$8)*IF(J$8="x",(1+Toimenpiteet!$C$7),1)*IF(J$9="x",(1+Toimenpiteet!$C$34),1)*(1+J$30)*_xlfn.BINOM.INV(1,(1-(Satokasvi!$H$15*(1+J$41))),I77)) -> 2636.6328 | ... BZ77: =IF(AA$11="x",0,_xlfn.NORM.INV(Z77,Satokasvi!$H$8,Satokasvi!$I$8)*IF(AA$8="x",(1+Toimenpiteet!$C$7),1)*IF(AA$9="x",(1+Toimenpiteet!$C$34),1)*(1+AA$30)*_xlfn.BINOM.INV(1,(1-(Satokasvi!$H$15*(1+AA$41))),Z77)) -> 2897.5121 | CB77: =_xlfn.NORM.INV(RAND(),Satokasvi!$H$13,Satokasvi!$I$13) -> 223.30956 | CC77: =_xlfn.NORM.INV(RAND(),Satokasvi!$H$13,Satokasvi!$I$13) -> 227.76318 | CD77: =_xlfn.NORM.INV(RAND(),Satokasvi!$H$13,Satokasvi!$I$13) -> 34.609765 | CE77: =_xlfn.NORM.INV(RAND(),Satokasvi!$H$13,Satokasvi!$I$13) -> 209.27439 | CF77: =_xlfn.NORM.INV(RAND(),Satokasvi!$H$13,Satokasvi!$I$13) -> 135.63825 | CG77: =_xlfn.NORM.INV(RAND(),Satokasvi!$H$13,Satokasvi!$I$13) -> 245.81399 | CH77: =_xlfn.NORM.INV(RAND(),Satokasvi!$H$13,Satokasvi!$I$13) -> 145.01865 | CI77: =_xlfn.NORM.INV(RAND(),Satokasvi!$H$13,Satokasvi!$I$13) -> 184.36053 | ... CZ77: =_xlfn.NORM.INV(RAND(),Satokasvi!$H$13,Satokasvi!$I$13) -> 221.06514 | DB77: =(AB77*(CB77/1000)+(Satokasvi!$E$28-Satokasvi!$E$7))/(1+$C$13)^DB$61 -> 363.63366 | DC77: =(AC77*(CC77/1000)+(Satokasvi!$E$28-Satokasvi!$E$7))/(1+$C$13)^DC$61 -> 434.97796 | DD77: =(AD77*(CD77/1000)+(Satokasvi!$E$28-Satokasvi!$E$7))/(1+$C$13)^DD$61 -> -225.96362 | DE77: =(AE77*(CE77/1000)+(Satokasvi!$E$28-Satokasvi!$E$7))/(1+$C$13)^DE$61 -> 365.36989 | DF77: =(AF77*(CF77/1000)+(Satokasvi!$E$28-Satokasvi!$E$7))/(1+$C$13)^DF$61 -> 101.84676 | DG77: =(AG77*(CG77/1000)+(Satokasvi!$E$28-Satokasvi!$E$7))/(1+$C$13)^DG$61 -> 460.06309 | DH77: =(AH77*(CH77/1000)+(Satokasvi!$E$28-Satokasvi!$E$7))/(1+$C$13)^DH$61 -> 106.80653 | DI77: =(AI77*(CI77/1000)+(Satokasvi!$E$28-Satokasvi!$E$7))/(1+$C$13)^DI$61 -> 229.95179 | ... DZ77: =(AZ77*(CZ77/1000)+(Satokasvi!$E$28-Satokasvi!$E$7))/(1+$C$13)^DZ$61 -> 238.1117 | EB77: =IF(C$11="x",Toimenpiteet!$E$115,BB77*(CB77/1000)+(Satokasvi!$E$28-Satokasvi!$E$7)+IF(C$8="x",Toimenpiteet!$E$29,0)+IF(C$9="x",Toimenpiteet!$E$60,0)+IF(C$10="x",Toimenpiteet!$E$88,0))/(1+$C$13)^EB$61 -> 296.50277 | EC77: =IF(D$11="x",Toimenpiteet!$E$115,BC77*(CC77/1000)+(Satokasvi!$E$28-Satokasvi!$E$7)+IF(D$8="x",Toimenpiteet!$E$29,0)+IF(D$9="x",Toimenpiteet!$E$60,0)+IF(D$10="x",Toimenpiteet!$E$88,0))/(1+$C$13)^EC$61 -> 351.18062 | ED77: =IF(E$11="x",Toimenpiteet!$E$115,BD77*(CD77/1000)+(Satokasvi!$E$28-Satokasvi!$E$7)+IF(E$8="x",Toimenpiteet!$E$29,0)+IF(E$9="x",Toimenpiteet!$E$60,0)+IF(E$10="x",Toimenpiteet!$E$88,0))/(1+$C$13)^ED$61 -> -131.8124 | EE77: =IF(F$11="x",Toimenpiteet!$E$115,BE77*(CE77/1000)+(Satokasvi!$E$28-Satokasvi!$E$7)+IF(F$8="x",Toimenpiteet!$E$29,0)+IF(F$9="x",Toimenpiteet!$E$60,0)+IF(F$10="x",Toimenpiteet!$E$88,0))/(1+$C$13)^EE$61 -> 305.34773 | EF77: =IF(G$11="x",Toimenpiteet!$E$115,BF77*(CF77/1000)+(Satokasvi!$E$28-Satokasvi!$E$7)+IF(G$8="x",Toimenpiteet!$E$29,0)+IF(G$9="x",Toimenpiteet!$E$60,0)+IF(G$10="x",Toimenpiteet!$E$88,0))/(1+$C$13)^EF$61 -> 111.36426 | EG77: =IF(H$11="x",Toimenpiteet!$E$115,BG77*(CG77/1000)+(Satokasvi!$E$28-Satokasvi!$E$7)+IF(H$8="x",Toimenpiteet!$E$29,0)+IF(H$9="x",Toimenpiteet!$E$60,0)+IF(H$10="x",Toimenpiteet!$E$88,0))/(1+$C$13)^EG$61 -> 377.27402 | EH77: =IF(I$11="x",Toimenpiteet!$E$115,BH77*(CH77/1000)+(Satokasvi!$E$28-Satokasvi!$E$7)+IF(I$8="x",Toimenpiteet!$E$29,0)+IF(I$9="x",Toimenpiteet!$E$60,0)+IF(I$10="x",Toimenpiteet!$E$88,0))/(1+$C$13)^EH$61 -> 113.02427 | EI77: =IF(J$11="x",Toimenpiteet!$E$115,BI77*(CI77/1000)+(Satokasvi!$E$28-Satokasvi!$E$7)+IF(J$8="x",Toimenpiteet!$E$29,0)+IF(J$9="x",Toimenpiteet!$E$60,0)+IF(J$10="x",Toimenpiteet!$E$88,0))/(1+$C$13)^EI$61 -> 203.81837 | ... EZ77: =IF(AA$11="x",Toimenpiteet!$E$115,BZ77*(CZ77/1000)+(Satokasvi!$E$28-Satokasvi!$E$7)+IF(AA$8="x",Toimenpiteet!$E$29,0)+IF(AA$9="x",Toimenpiteet!$E$60,0)+IF(AA$10="x",Toimenpiteet!$E$88,0))/(1+$C$13)^EZ$61 -> 197.07864 | FB77: =DB77 -> 363.63366 | FC77: =FB77+DC77 -> 798.61162 | FD77: =FC77+DD77 -> 572.648 | FE77: =FD77+DE77 -> 938.01789 | FF77: =FE77+DF77 -> 1039.8646 | FG77: =FF77+DG77 -> 1499.9277 | FH77: =FG77+DH77 -> 1606.7343 | FI77: =FH77+DI77 -> 1836.6861 | FJ77: =FI77+DJ77 -> 2071.5833 | ... FZ77: =FY77+DZ77 -> 5214.9061 | GB77: =EB77 -> 296.50277 | GC77: =GB77+EC77 -> 647.6834 | GD77: =GC77+ED77 -> 515.87099 | GE77: =GD77+EE77 -> 821.21872 | GF77: =GE77+EF77 -> 932.58298 | GG77: =GF77+EG77 -> 1309.857 | GH77: =GG77+EH77 -> 1422.8813 | GI77: =GH77+EI77 -> 1626.6996 | GJ77: =GI77+EJ77 -> 1833.258 | ... GZ77: =GY77+EZ77 -> 4571.499 | HB77: =_xlfn.XLOOKUP($BE$18,$FB$61:$FZ$61,FB77:FZ77) -> 2270.8994 | HC77: =_xlfn.XLOOKUP($BE$18,$GB$61:$GZ$61,GB77:GZ77) -> 2012.3834
B78: =RAND() -> 0.64366186 | C78: =RAND() -> 0.60634185 | D78: =RAND() -> 0.68057596 | E78: =RAND() -> 0.57179407 | F78: =RAND() -> 0.40561297 | G78: =RAND() -> 0.80442086 | H78: =RAND() -> 0.19736298 | I78: =RAND() -> 0.78924308 | ... Z78: =RAND() -> 0.14681144 | AB78: =_xlfn.NORM.INV(B78,Satokasvi!$H$8,Satokasvi!$I$8)*_xlfn.BINOM.INV(1,(1-Satokasvi!$H$15),B78) -> 3592.066 | AC78: =_xlfn.NORM.INV(C78,Satokasvi!$H$8,Satokasvi!$I$8)*_xlfn.BINOM.INV(1,(1-Satokasvi!$H$15),C78) -> 3567.4493 | AD78: =_xlfn.NORM.INV(D78,Satokasvi!$H$8,Satokasvi!$I$8)*_xlfn.BINOM.INV(1,(1-Satokasvi!$H$15),D78) -> 3617.3275 | AE78: =_xlfn.NORM.INV(E78,Satokasvi!$H$8,Satokasvi!$I$8)*_xlfn.BINOM.INV(1,(1-Satokasvi!$H$15),E78) -> 3545.2359 | AF78: =_xlfn.NORM.INV(F78,Satokasvi!$H$8,Satokasvi!$I$8)*_xlfn.BINOM.INV(1,(1-Satokasvi!$H$15),F78) -> 3440.2888 | AG78: =_xlfn.NORM.INV(G78,Satokasvi!$H$8,Satokasvi!$I$8)*_xlfn.BINOM.INV(1,(1-Satokasvi!$H$15),G78) -> 3714.3797 | AH78: =_xlfn.NORM.INV(H78,Satokasvi!$H$8,Satokasvi!$I$8)*_xlfn.BINOM.INV(1,(1-Satokasvi!$H$15),H78) -> 3287.2305 | AI78: =_xlfn.NORM.INV(I78,Satokasvi!$H$8,Satokasvi!$I$8)*_xlfn.BINOM.INV(1,(1-Satokasvi!$H$15),I78) -> 3700.9494 | ... AZ78: =_xlfn.NORM.INV(Z78,Satokasvi!$H$8,Satokasvi!$I$8)*_xlfn.BINOM.INV(1,(1-Satokasvi!$H$15),Z78) -> 3237.4482 | BB78: =IF(C$11="x",0,_xlfn.NORM.INV(B78,Satokasvi!$H$8,Satokasvi!$I$8)*IF(C$8="x",(1+Toimenpiteet!$C$7),1)*IF(C$9="x",(1+Toimenpiteet!$C$34),1)*(1+C$30)*_xlfn.BINOM.INV(1,(1-(Satokasvi!$H$15*(1+C$41))),B78)) -> 2604.3916 | BC78: =IF(D$11="x",0,_xlfn.NORM.INV(C78,Satokasvi!$H$8,Satokasvi!$I$8)*IF(D$8="x",(1+Toimenpiteet!$C$7),1)*IF(D$9="x",(1+Toimenpiteet!$C$34),1)*(1+D$30)*_xlfn.BINOM.INV(1,(1-(Satokasvi!$H$15*(1+D$41))),C78)) -> 2604.5234 | BD78: =IF(E$11="x",0,_xlfn.NORM.INV(D78,Satokasvi!$H$8,Satokasvi!$I$8)*IF(E$8="x",(1+Toimenpiteet!$C$7),1)*IF(E$9="x",(1+Toimenpiteet!$C$34),1)*(1+E$30)*_xlfn.BINOM.INV(1,(1-(Satokasvi!$H$15*(1+E$41))),D78)) -> 2659.1698 | BE78: =IF(F$11="x",0,_xlfn.NORM.INV(E78,Satokasvi!$H$8,Satokasvi!$I$8)*IF(F$8="x",(1+Toimenpiteet!$C$7),1)*IF(F$9="x",(1+Toimenpiteet!$C$34),1)*(1+F$30)*_xlfn.BINOM.INV(1,(1-(Satokasvi!$H$15*(1+F$41))),E78)) -> 2624.0418 | BF78: =IF(G$11="x",0,_xlfn.NORM.INV(F78,Satokasvi!$H$8,Satokasvi!$I$8)*IF(G$8="x",(1+Toimenpiteet!$C$7),1)*IF(G$9="x",(1+Toimenpiteet!$C$34),1)*(1+G$30)*_xlfn.BINOM.INV(1,(1-(Satokasvi!$H$15*(1+G$41))),F78)) -> 2563.7032 | BG78: =IF(H$11="x",0,_xlfn.NORM.INV(G78,Satokasvi!$H$8,Satokasvi!$I$8)*IF(H$8="x",(1+Toimenpiteet!$C$7),1)*IF(H$9="x",(1+Toimenpiteet!$C$34),1)*(1+H$30)*_xlfn.BINOM.INV(1,(1-(Satokasvi!$H$15*(1+H$41))),G78)) -> 2767.9557 | BH78: =IF(I$11="x",0,_xlfn.NORM.INV(H78,Satokasvi!$H$8,Satokasvi!$I$8)*IF(I$8="x",(1+Toimenpiteet!$C$7),1)*IF(I$9="x",(1+Toimenpiteet!$C$34),1)*(1+I$30)*_xlfn.BINOM.INV(1,(1-(Satokasvi!$H$15*(1+I$41))),H78)) -> 2449.6441 | BI78: =IF(J$11="x",0,_xlfn.NORM.INV(I78,Satokasvi!$H$8,Satokasvi!$I$8)*IF(J$8="x",(1+Toimenpiteet!$C$7),1)*IF(J$9="x",(1+Toimenpiteet!$C$34),1)*(1+J$30)*_xlfn.BINOM.INV(1,(1-(Satokasvi!$H$15*(1+J$41))),I78)) -> 2757.9475 | ... BZ78: =IF(AA$11="x",0,_xlfn.NORM.INV(Z78,Satokasvi!$H$8,Satokasvi!$I$8)*IF(AA$8="x",(1+Toimenpiteet!$C$7),1)*IF(AA$9="x",(1+Toimenpiteet!$C$34),1)*(1+AA$30)*_xlfn.BINOM.INV(1,(1-(Satokasvi!$H$15*(1+AA$41))),Z78)) -> 2412.5464 | CB78: =_xlfn.NORM.INV(RAND(),Satokasvi!$H$13,Satokasvi!$I$13) -> 196.53251 | CC78: =_xlfn.NORM.INV(RAND(),Satokasvi!$H$13,Satokasvi!$I$13) -> 269.68752 | CD78: =_xlfn.NORM.INV(RAND(),Satokasvi!$H$13,Satokasvi!$I$13) -> 226.5284 | CE78: =_xlfn.NORM.INV(RAND(),Satokasvi!$H$13,Satokasvi!$I$13) -> 210.65404 | CF78: =_xlfn.NORM.INV(RAND(),Satokasvi!$H$13,Satokasvi!$I$13) -> 129.41977 | CG78: =_xlfn.NORM.INV(RAND(),Satokasvi!$H$13,Satokasvi!$I$13) -> 168.7621 | CH78: =_xlfn.NORM.INV(RAND(),Satokasvi!$H$13,Satokasvi!$I$13) -> 164.54472 | CI78: =_xlfn.NORM.INV(RAND(),Satokasvi!$H$13,Satokasvi!$I$13) -> 118.59343 | ... CZ78: =_xlfn.NORM.INV(RAND(),Satokasvi!$H$13,Satokasvi!$I$13) -> 246.89327 | DB78: =(AB78*(CB78/1000)+(Satokasvi!$E$28-Satokasvi!$E$7))/(1+$C$13)^DB$61 -> 334.91044 | DC78: =(AC78*(CC78/1000)+(Satokasvi!$E$28-Satokasvi!$E$7))/(1+$C$13)^DC$61 -> 566.59116 | DD78: =(AD78*(CD78/1000)+(Satokasvi!$E$28-Satokasvi!$E$7))/(1+$C$13)^DD$61 -> 419.52604 | DE78: =(AE78*(CE78/1000)+(Satokasvi!$E$28-Satokasvi!$E$7))/(1+$C$13)^DE$61 -> 342.79454 | DF78: =(AF78*(CF78/1000)+(Satokasvi!$E$28-Satokasvi!$E$7))/(1+$C$13)^DF$61 -> 72.667359 | DG78: =(AG78*(CG78/1000)+(Satokasvi!$E$28-Satokasvi!$E$7))/(1+$C$13)^DG$61 -> 222.64227 | DH78: =(AH78*(CH78/1000)+(Satokasvi!$E$28-Satokasvi!$E$7))/(1+$C$13)^DH$61 -> 146.27225 | DI78: =(AI78*(CI78/1000)+(Satokasvi!$E$28-Satokasvi!$E$7))/(1+$C$13)^DI$61 -> 61.50151 | ... DZ78: =(AZ78*(CZ78/1000)+(Satokasvi!$E$28-Satokasvi!$E$7))/(1+$C$13)^DZ$61 -> 209.33651 | EB78: =IF(C$11="x",Toimenpiteet!$E$115,BB78*(CB78/1000)+(Satokasvi!$E$28-Satokasvi!$E$7)+IF(C$8="x",Toimenpiteet!$E$29,0)+IF(C$9="x",Toimenpiteet!$E$60,0)+IF(C$10="x",Toimenpiteet!$E$88,0))/(1+$C$13)^EB$61 -> 275.67729 | EC78: =IF(D$11="x",Toimenpiteet!$E$115,BC78*(CC78/1000)+(Satokasvi!$E$28-Satokasvi!$E$7)+IF(D$8="x",Toimenpiteet!$E$29,0)+IF(D$9="x",Toimenpiteet!$E$60,0)+IF(D$10="x",Toimenpiteet!$E$88,0))/(1+$C$13)^EC$61 -> 447.26879 | ED78: =IF(E$11="x",Toimenpiteet!$E$115,BD78*(CD78/1000)+(Satokasvi!$E$28-Satokasvi!$E$7)+IF(E$8="x",Toimenpiteet!$E$29,0)+IF(E$9="x",Toimenpiteet!$E$60,0)+IF(E$10="x",Toimenpiteet!$E$88,0))/(1+$C$13)^ED$61 -> 342.69995 | EE78: =IF(F$11="x",Toimenpiteet!$E$115,BE78*(CE78/1000)+(Satokasvi!$E$28-Satokasvi!$E$7)+IF(F$8="x",Toimenpiteet!$E$29,0)+IF(F$9="x",Toimenpiteet!$E$60,0)+IF(F$10="x",Toimenpiteet!$E$88,0))/(1+$C$13)^EE$61 -> 288.63836 | EF78: =IF(G$11="x",Toimenpiteet!$E$115,BF78*(CF78/1000)+(Satokasvi!$E$28-Satokasvi!$E$7)+IF(G$8="x",Toimenpiteet!$E$29,0)+IF(G$9="x",Toimenpiteet!$E$60,0)+IF(G$10="x",Toimenpiteet!$E$88,0))/(1+$C$13)^EF$61 -> 89.619774 | EG78: =IF(H$11="x",Toimenpiteet!$E$115,BG78*(CG78/1000)+(Satokasvi!$E$28-Satokasvi!$E$7)+IF(H$8="x",Toimenpiteet!$E$29,0)+IF(H$9="x",Toimenpiteet!$E$60,0)+IF(H$10="x",Toimenpiteet!$E$88,0))/(1+$C$13)^EG$61 -> 200.34802 | EH78: =IF(I$11="x",Toimenpiteet!$E$115,BH78*(CH78/1000)+(Satokasvi!$E$28-Satokasvi!$E$7)+IF(I$8="x",Toimenpiteet!$E$29,0)+IF(I$9="x",Toimenpiteet!$E$60,0)+IF(I$10="x",Toimenpiteet!$E$88,0))/(1+$C$13)^EH$61 -> 142.43413 | EI78: =IF(J$11="x",Toimenpiteet!$E$115,BI78*(CI78/1000)+(Satokasvi!$E$28-Satokasvi!$E$7)+IF(J$8="x",Toimenpiteet!$E$29,0)+IF(J$9="x",Toimenpiteet!$E$60,0)+IF(J$10="x",Toimenpiteet!$E$88,0))/(1+$C$13)^EI$61 -> 78.289223 | ... EZ78: =IF(AA$11="x",Toimenpiteet!$E$115,BZ78*(CZ78/1000)+(Satokasvi!$E$28-Satokasvi!$E$7)+IF(AA$8="x",Toimenpiteet!$E$29,0)+IF(AA$9="x",Toimenpiteet!$E$60,0)+IF(AA$10="x",Toimenpiteet!$E$88,0))/(1+$C$13)^EZ$61 -> 175.63537 | FB78: =DB78 -> 334.91044 | FC78: =FB78+DC78 -> 901.5016 | FD78: =FC78+DD78 -> 1321.0276 | FE78: =FD78+DE78 -> 1663.8222 | FF78: =FE78+DF78 -> 1736.4895 | FG78: =FF78+DG78 -> 1959.1318 | FH78: =FG78+DH78 -> 2105.4041 | FI78: =FH78+DI78 -> 2166.9056 | FJ78: =FI78+DJ78 -> 2435.2724 | ... FZ78: =FY78+DZ78 -> 5625.7315 | GB78: =EB78 -> 275.67729 | GC78: =GB78+EC78 -> 722.94608 | GD78: =GC78+ED78 -> 1065.646 | GE78: =GD78+EE78 -> 1354.2844 | GF78: =GE78+EF78 -> 1443.9042 | GG78: =GF78+EG78 -> 1644.2522 | GH78: =GG78+EH78 -> 1786.6863 | GI78: =GH78+EI78 -> 1864.9755 | GJ78: =GI78+EJ78 -> 2096.4754 | ... GZ78: =GY78+EZ78 -> 4869.8424 | HB78: =_xlfn.XLOOKUP($BE$18,$FB$61:$FZ$61,FB78:FZ78) -> 2648.7518 | HC78: =_xlfn.XLOOKUP($BE$18,$GB$61:$GZ$61,GB78:GZ78) -> 2286.1553 | HE78: Satotaso eri kertoimien arvoilla (toimenpiteitä tehty)
B79: =RAND() -> 0.99194138 | C79: =RAND() -> 0.0077579301 | D79: =RAND() -> 0.26655128 | E79: =RAND() -> 0.42702469 | F79: =RAND() -> 0.86868984 | G79: =RAND() -> 0.642897 | H79: =RAND() -> 0.86100182 | I79: =RAND() -> 0.46007201 | ... Z79: =RAND() -> 0.80250262 | AB79: =_xlfn.NORM.INV(B79,Satokasvi!$H$8,Satokasvi!$I$8)*_xlfn.BINOM.INV(1,(1-Satokasvi!$H$15),B79) -> 4101.5624 | AC79: =_xlfn.NORM.INV(C79,Satokasvi!$H$8,Satokasvi!$I$8)*_xlfn.BINOM.INV(1,(1-Satokasvi!$H$15),C79) -> 0 | AD79: =_xlfn.NORM.INV(D79,Satokasvi!$H$8,Satokasvi!$I$8)*_xlfn.BINOM.INV(1,(1-Satokasvi!$H$15),D79) -> 3344.1808 | AE79: =_xlfn.NORM.INV(E79,Satokasvi!$H$8,Satokasvi!$I$8)*_xlfn.BINOM.INV(1,(1-Satokasvi!$H$15),E79) -> 3454.0115 | AF79: =_xlfn.NORM.INV(F79,Satokasvi!$H$8,Satokasvi!$I$8)*_xlfn.BINOM.INV(1,(1-Satokasvi!$H$15),F79) -> 3780.0548 | AG79: =_xlfn.NORM.INV(G79,Satokasvi!$H$8,Satokasvi!$I$8)*_xlfn.BINOM.INV(1,(1-Satokasvi!$H$15),G79) -> 3591.5533 | AH79: =_xlfn.NORM.INV(H79,Satokasvi!$H$8,Satokasvi!$I$8)*_xlfn.BINOM.INV(1,(1-Satokasvi!$H$15),H79) -> 3771.2078 | AI79: =_xlfn.NORM.INV(I79,Satokasvi!$H$8,Satokasvi!$I$8)*_xlfn.BINOM.INV(1,(1-Satokasvi!$H$15),I79) -> 3474.9369 | ... AZ79: =_xlfn.NORM.INV(Z79,Satokasvi!$H$8,Satokasvi!$I$8)*_xlfn.BINOM.INV(1,(1-Satokasvi!$H$15),Z79) -> 3712.6486 | BB79: =IF(C$11="x",0,_xlfn.NORM.INV(B79,Satokasvi!$H$8,Satokasvi!$I$8)*IF(C$8="x",(1+Toimenpiteet!$C$7),1)*IF(C$9="x",(1+Toimenpiteet!$C$34),1)*(1+C$30)*_xlfn.BINOM.INV(1,(1-(Satokasvi!$H$15*(1+C$41))),B79)) -> 2973.7968 | BC79: =IF(D$11="x",0,_xlfn.NORM.INV(C79,Satokasvi!$H$8,Satokasvi!$I$8)*IF(D$8="x",(1+Toimenpiteet!$C$7),1)*IF(D$9="x",(1+Toimenpiteet!$C$34),1)*(1+D$30)*_xlfn.BINOM.INV(1,(1-(Satokasvi!$H$15*(1+D$41))),C79)) -> 0 | BD79: =IF(E$11="x",0,_xlfn.NORM.INV(D79,Satokasvi!$H$8,Satokasvi!$I$8)*IF(E$8="x",(1+Toimenpiteet!$C$7),1)*IF(E$9="x",(1+Toimenpiteet!$C$34),1)*(1+E$30)*_xlfn.BINOM.INV(1,(1-(Satokasvi!$H$15*(1+E$41))),D79)) -> 2458.3742 | BE79: =IF(F$11="x",0,_xlfn.NORM.INV(E79,Satokasvi!$H$8,Satokasvi!$I$8)*IF(F$8="x",(1+Toimenpiteet!$C$7),1)*IF(F$9="x",(1+Toimenpiteet!$C$34),1)*(1+F$30)*_xlfn.BINOM.INV(1,(1-(Satokasvi!$H$15*(1+F$41))),E79)) -> 2556.5211 | BF79: =IF(G$11="x",0,_xlfn.NORM.INV(F79,Satokasvi!$H$8,Satokasvi!$I$8)*IF(G$8="x",(1+Toimenpiteet!$C$7),1)*IF(G$9="x",(1+Toimenpiteet!$C$34),1)*(1+G$30)*_xlfn.BINOM.INV(1,(1-(Satokasvi!$H$15*(1+G$41))),F79)) -> 2816.8969 | BG79: =IF(H$11="x",0,_xlfn.NORM.INV(G79,Satokasvi!$H$8,Satokasvi!$I$8)*IF(H$8="x",(1+Toimenpiteet!$C$7),1)*IF(H$9="x",(1+Toimenpiteet!$C$34),1)*(1+H$30)*_xlfn.BINOM.INV(1,(1-(Satokasvi!$H$15*(1+H$41))),G79)) -> 2676.4255 | BH79: =IF(I$11="x",0,_xlfn.NORM.INV(H79,Satokasvi!$H$8,Satokasvi!$I$8)*IF(I$8="x",(1+Toimenpiteet!$C$7),1)*IF(I$9="x",(1+Toimenpiteet!$C$34),1)*(1+I$30)*_xlfn.BINOM.INV(1,(1-(Satokasvi!$H$15*(1+I$41))),H79)) -> 2810.3041 | BI79: =IF(J$11="x",0,_xlfn.NORM.INV(I79,Satokasvi!$H$8,Satokasvi!$I$8)*IF(J$8="x",(1+Toimenpiteet!$C$7),1)*IF(J$9="x",(1+Toimenpiteet!$C$34),1)*(1+J$30)*_xlfn.BINOM.INV(1,(1-(Satokasvi!$H$15*(1+J$41))),I79)) -> 2589.523 | ... BZ79: =IF(AA$11="x",0,_xlfn.NORM.INV(Z79,Satokasvi!$H$8,Satokasvi!$I$8)*IF(AA$8="x",(1+Toimenpiteet!$C$7),1)*IF(AA$9="x",(1+Toimenpiteet!$C$34),1)*(1+AA$30)*_xlfn.BINOM.INV(1,(1-(Satokasvi!$H$15*(1+AA$41))),Z79)) -> 2766.6657 | CB79: =_xlfn.NORM.INV(RAND(),Satokasvi!$H$13,Satokasvi!$I$13) -> 200.09872 | CC79: =_xlfn.NORM.INV(RAND(),Satokasvi!$H$13,Satokasvi!$I$13) -> 215.7582 | CD79: =_xlfn.NORM.INV(RAND(),Satokasvi!$H$13,Satokasvi!$I$13) -> 120.62305 | CE79: =_xlfn.NORM.INV(RAND(),Satokasvi!$H$13,Satokasvi!$I$13) -> 308.00325 | CF79: =_xlfn.NORM.INV(RAND(),Satokasvi!$H$13,Satokasvi!$I$13) -> 157.12161 | CG79: =_xlfn.NORM.INV(RAND(),Satokasvi!$H$13,Satokasvi!$I$13) -> 192.96482 | CH79: =_xlfn.NORM.INV(RAND(),Satokasvi!$H$13,Satokasvi!$I$13) -> 213.31279 | CI79: =_xlfn.NORM.INV(RAND(),Satokasvi!$H$13,Satokasvi!$I$13) -> 175.84158 | ... CZ79: =_xlfn.NORM.INV(RAND(),Satokasvi!$H$13,Satokasvi!$I$13) -> 231.02705 | DB79: =(AB79*(CB79/1000)+(Satokasvi!$E$28-Satokasvi!$E$7))/(1+$C$13)^DB$61 -> 446.32755 | DC79: =(AC79*(CC79/1000)+(Satokasvi!$E$28-Satokasvi!$E$7))/(1+$C$13)^DC$61 -> -340.27712 | DD79: =(AD79*(CD79/1000)+(Satokasvi!$E$28-Satokasvi!$E$7))/(1+$C$13)^DD$61 -> 38.788525 | DE79: =(AE79*(CE79/1000)+(Satokasvi!$E$28-Satokasvi!$E$7))/(1+$C$13)^DE$61 -> 624.47023 | DF79: =(AF79*(CF79/1000)+(Satokasvi!$E$28-Satokasvi!$E$7))/(1+$C$13)^DF$61 -> 200.92601 | DG79: =(AG79*(CG79/1000)+(Satokasvi!$E$28-Satokasvi!$E$7))/(1+$C$13)^DG$61 -> 278.08116 | DH79: =(AH79*(CH79/1000)+(Satokasvi!$E$28-Satokasvi!$E$7))/(1+$C$13)^DH$61 -> 360.56289 | DI79: =(AI79*(CI79/1000)+(Satokasvi!$E$28-Satokasvi!$E$7))/(1+$C$13)^DI$61 -> 197.38261 | ... DZ79: =(AZ79*(CZ79/1000)+(Satokasvi!$E$28-Satokasvi!$E$7))/(1+$C$13)^DZ$61 -> 237.23732 | EB79: =IF(C$11="x",Toimenpiteet!$E$115,BB79*(CB79/1000)+(Satokasvi!$E$28-Satokasvi!$E$7)+IF(C$8="x",Toimenpiteet!$E$29,0)+IF(C$9="x",Toimenpiteet!$E$60,0)+IF(C$10="x",Toimenpiteet!$E$88,0))/(1+$C$13)^EB$61 -> 356.45915 | EC79: =IF(D$11="x",Toimenpiteet!$E$115,BC79*(CC79/1000)+(Satokasvi!$E$28-Satokasvi!$E$7)+IF(D$8="x",Toimenpiteet!$E$29,0)+IF(D$9="x",Toimenpiteet!$E$60,0)+IF(D$10="x",Toimenpiteet!$E$88,0))/(1+$C$13)^EC$61 -> -214.81761 | ED79: =IF(E$11="x",Toimenpiteet!$E$115,BD79*(CD79/1000)+(Satokasvi!$E$28-Satokasvi!$E$7)+IF(E$8="x",Toimenpiteet!$E$29,0)+IF(E$9="x",Toimenpiteet!$E$60,0)+IF(E$10="x",Toimenpiteet!$E$88,0))/(1+$C$13)^ED$61 -> 62.812192 | EE79: =IF(F$11="x",Toimenpiteet!$E$115,BE79*(CE79/1000)+(Satokasvi!$E$28-Satokasvi!$E$7)+IF(F$8="x",Toimenpiteet!$E$29,0)+IF(F$9="x",Toimenpiteet!$E$60,0)+IF(F$10="x",Toimenpiteet!$E$88,0))/(1+$C$13)^EE$61 -> 497.12343 | EF79: =IF(G$11="x",Toimenpiteet!$E$115,BF79*(CF79/1000)+(Satokasvi!$E$28-Satokasvi!$E$7)+IF(G$8="x",Toimenpiteet!$E$29,0)+IF(G$9="x",Toimenpiteet!$E$60,0)+IF(G$10="x",Toimenpiteet!$E$88,0))/(1+$C$13)^EF$61 -> 185.19812 | EG79: =IF(H$11="x",Toimenpiteet!$E$115,BG79*(CG79/1000)+(Satokasvi!$E$28-Satokasvi!$E$7)+IF(H$8="x",Toimenpiteet!$E$29,0)+IF(H$9="x",Toimenpiteet!$E$60,0)+IF(H$10="x",Toimenpiteet!$E$88,0))/(1+$C$13)^EG$61 -> 241.66109 | EH79: =IF(I$11="x",Toimenpiteet!$E$115,BH79*(CH79/1000)+(Satokasvi!$E$28-Satokasvi!$E$7)+IF(I$8="x",Toimenpiteet!$E$29,0)+IF(I$9="x",Toimenpiteet!$E$60,0)+IF(I$10="x",Toimenpiteet!$E$88,0))/(1+$C$13)^EH$61 -> 302.12352 | EI79: =IF(J$11="x",Toimenpiteet!$E$115,BI79*(CI79/1000)+(Satokasvi!$E$28-Satokasvi!$E$7)+IF(J$8="x",Toimenpiteet!$E$29,0)+IF(J$9="x",Toimenpiteet!$E$60,0)+IF(J$10="x",Toimenpiteet!$E$88,0))/(1+$C$13)^EI$61 -> 179.54782 | ... EZ79: =IF(AA$11="x",Toimenpiteet!$E$115,BZ79*(CZ79/1000)+(Satokasvi!$E$28-Satokasvi!$E$7)+IF(AA$8="x",Toimenpiteet!$E$29,0)+IF(AA$9="x",Toimenpiteet!$E$60,0)+IF(AA$10="x",Toimenpiteet!$E$88,0))/(1+$C$13)^EZ$61 -> 196.42705 | FB79: =DB79 -> 446.32755 | FC79: =FB79+DC79 -> 106.05043 | FD79: =FC79+DD79 -> 144.83896 | FE79: =FD79+DE79 -> 769.30918 | FF79: =FE79+DF79 -> 970.23519 | FG79: =FF79+DG79 -> 1248.3164 | FH79: =FG79+DH79 -> 1608.8792 | FI79: =FH79+DI79 -> 1806.2619 | FJ79: =FI79+DJ79 -> 2264.7276 | ... FZ79: =FY79+DZ79 -> 4548.9622 | GB79: =EB79 -> 356.45915 | GC79: =GB79+EC79 -> 141.64155 | GD79: =GC79+ED79 -> 204.45374 | GE79: =GD79+EE79 -> 701.57717 | GF79: =GE79+EF79 -> 886.77529 | GG79: =GF79+EG79 -> 1128.4364 | GH79: =GG79+EH79 -> 1430.5599 | GI79: =GH79+EI79 -> 1610.1077 | GJ79: =GI79+EJ79 -> 1983.2693 | ... GZ79: =GY79+EZ79 -> 4081.3178 | HB79: =_xlfn.XLOOKUP($BE$18,$FB$61:$FZ$61,FB79:FZ79) -> 2313.6581 | HC79: =_xlfn.XLOOKUP($BE$18,$GB$61:$GZ$61,GB79:GZ79) -> 2050.3274
B80: =RAND() -> 0.27450941 | C80: =RAND() -> 0.80720369 | D80: =RAND() -> 0.67656354 | E80: =RAND() -> 0.50303566 | F80: =RAND() -> 0.43609205 | G80: =RAND() -> 0.18892728 | H80: =RAND() -> 0.11807387 | I80: =RAND() -> 0.89333779 | ... Z80: =RAND() -> 0.38069292 | AB80: =_xlfn.NORM.INV(B80,Satokasvi!$H$8,Satokasvi!$I$8)*_xlfn.BINOM.INV(1,(1-Satokasvi!$H$15),B80) -> 3350.1922 | AC80: =_xlfn.NORM.INV(C80,Satokasvi!$H$8,Satokasvi!$I$8)*_xlfn.BINOM.INV(1,(1-Satokasvi!$H$15),C80) -> 3716.9095 | AD80: =_xlfn.NORM.INV(D80,Satokasvi!$H$8,Satokasvi!$I$8)*_xlfn.BINOM.INV(1,(1-Satokasvi!$H$15),D80) -> 3614.5277 | AE80: =_xlfn.NORM.INV(E80,Satokasvi!$H$8,Satokasvi!$I$8)*_xlfn.BINOM.INV(1,(1-Satokasvi!$H$15),E80) -> 3501.9023 | AF80: =_xlfn.NORM.INV(F80,Satokasvi!$H$8,Satokasvi!$I$8)*_xlfn.BINOM.INV(1,(1-Satokasvi!$H$15),F80) -> 3459.7788 | AG80: =_xlfn.NORM.INV(G80,Satokasvi!$H$8,Satokasvi!$I$8)*_xlfn.BINOM.INV(1,(1-Satokasvi!$H$15),G80) -> 3279.5359 | AH80: =_xlfn.NORM.INV(H80,Satokasvi!$H$8,Satokasvi!$I$8)*_xlfn.BINOM.INV(1,(1-Satokasvi!$H$15),H80) -> 3203.8324 | AI80: =_xlfn.NORM.INV(I80,Satokasvi!$H$8,Satokasvi!$I$8)*_xlfn.BINOM.INV(1,(1-Satokasvi!$H$15),I80) -> 3811.119 | ... AZ80: =_xlfn.NORM.INV(Z80,Satokasvi!$H$8,Satokasvi!$I$8)*_xlfn.BINOM.INV(1,(1-Satokasvi!$H$15),Z80) -> 3424.0846 | BB80: =IF(C$11="x",0,_xlfn.NORM.INV(B80,Satokasvi!$H$8,Satokasvi!$I$8)*IF(C$8="x",(1+Toimenpiteet!$C$7),1)*IF(C$9="x",(1+Toimenpiteet!$C$34),1)*(1+C$30)*_xlfn.BINOM.INV(1,(1-(Satokasvi!$H$15*(1+C$41))),B80)) -> 2429.0234 | BC80: =IF(D$11="x",0,_xlfn.NORM.INV(C80,Satokasvi!$H$8,Satokasvi!$I$8)*IF(D$8="x",(1+Toimenpiteet!$C$7),1)*IF(D$9="x",(1+Toimenpiteet!$C$34),1)*(1+D$30)*_xlfn.BINOM.INV(1,(1-(Satokasvi!$H$15*(1+D$41))),C80)) -> 2713.6413 | BD80: =IF(E$11="x",0,_xlfn.NORM.INV(D80,Satokasvi!$H$8,Satokasvi!$I$8)*IF(E$8="x",(1+Toimenpiteet!$C$7),1)*IF(E$9="x",(1+Toimenpiteet!$C$34),1)*(1+E$30)*_xlfn.BINOM.INV(1,(1-(Satokasvi!$H$15*(1+E$41))),D80)) -> 2657.1116 | BE80: =IF(F$11="x",0,_xlfn.NORM.INV(E80,Satokasvi!$H$8,Satokasvi!$I$8)*IF(F$8="x",(1+Toimenpiteet!$C$7),1)*IF(F$9="x",(1+Toimenpiteet!$C$34),1)*(1+F$30)*_xlfn.BINOM.INV(1,(1-(Satokasvi!$H$15*(1+F$41))),E80)) -> 2591.968 | BF80: =IF(G$11="x",0,_xlfn.NORM.INV(F80,Satokasvi!$H$8,Satokasvi!$I$8)*IF(G$8="x",(1+Toimenpiteet!$C$7),1)*IF(G$9="x",(1+Toimenpiteet!$C$34),1)*(1+G$30)*_xlfn.BINOM.INV(1,(1-(Satokasvi!$H$15*(1+G$41))),F80)) -> 2578.2272 | BG80: =IF(H$11="x",0,_xlfn.NORM.INV(G80,Satokasvi!$H$8,Satokasvi!$I$8)*IF(H$8="x",(1+Toimenpiteet!$C$7),1)*IF(H$9="x",(1+Toimenpiteet!$C$34),1)*(1+H$30)*_xlfn.BINOM.INV(1,(1-(Satokasvi!$H$15*(1+H$41))),G80)) -> 2443.9102 | BH80: =IF(I$11="x",0,_xlfn.NORM.INV(H80,Satokasvi!$H$8,Satokasvi!$I$8)*IF(I$8="x",(1+Toimenpiteet!$C$7),1)*IF(I$9="x",(1+Toimenpiteet!$C$34),1)*(1+I$30)*_xlfn.BINOM.INV(1,(1-(Satokasvi!$H$15*(1+I$41))),H80)) -> 2387.4959 | BI80: =IF(J$11="x",0,_xlfn.NORM.INV(I80,Satokasvi!$H$8,Satokasvi!$I$8)*IF(J$8="x",(1+Toimenpiteet!$C$7),1)*IF(J$9="x",(1+Toimenpiteet!$C$34),1)*(1+J$30)*_xlfn.BINOM.INV(1,(1-(Satokasvi!$H$15*(1+J$41))),I80)) -> 2840.0459 | ... BZ80: =IF(AA$11="x",0,_xlfn.NORM.INV(Z80,Satokasvi!$H$8,Satokasvi!$I$8)*IF(AA$8="x",(1+Toimenpiteet!$C$7),1)*IF(AA$9="x",(1+Toimenpiteet!$C$34),1)*(1+AA$30)*_xlfn.BINOM.INV(1,(1-(Satokasvi!$H$15*(1+AA$41))),Z80)) -> 2551.6279 | CB80: =_xlfn.NORM.INV(RAND(),Satokasvi!$H$13,Satokasvi!$I$13) -> 144.75841 | CC80: =_xlfn.NORM.INV(RAND(),Satokasvi!$H$13,Satokasvi!$I$13) -> 164.69832 | CD80: =_xlfn.NORM.INV(RAND(),Satokasvi!$H$13,Satokasvi!$I$13) -> 202.7096 | CE80: =_xlfn.NORM.INV(RAND(),Satokasvi!$H$13,Satokasvi!$I$13) -> 214.25523 | CF80: =_xlfn.NORM.INV(RAND(),Satokasvi!$H$13,Satokasvi!$I$13) -> 197.10127 | CG80: =_xlfn.NORM.INV(RAND(),Satokasvi!$H$13,Satokasvi!$I$13) -> 228.96649 | CH80: =_xlfn.NORM.INV(RAND(),Satokasvi!$H$13,Satokasvi!$I$13) -> 144.46611 | CI80: =_xlfn.NORM.INV(RAND(),Satokasvi!$H$13,Satokasvi!$I$13) -> 268.40075 | ... CZ80: =_xlfn.NORM.INV(RAND(),Satokasvi!$H$13,Satokasvi!$I$13) -> 231.79871 | DB80: =(AB80*(CB80/1000)+(Satokasvi!$E$28-Satokasvi!$E$7))/(1+$C$13)^DB$61 -> 120.35777 | DC80: =(AC80*(CC80/1000)+(Satokasvi!$E$28-Satokasvi!$E$7))/(1+$C$13)^DC$61 -> 236.75062 | DD80: =(AD80*(CD80/1000)+(Satokasvi!$E$28-Satokasvi!$E$7))/(1+$C$13)^DD$61 -> 340.15766 | DE80: =(AE80*(CE80/1000)+(Satokasvi!$E$28-Satokasvi!$E$7))/(1+$C$13)^DE$61 -> 345.88881 | DF80: =(AF80*(CF80/1000)+(Satokasvi!$E$28-Satokasvi!$E$7))/(1+$C$13)^DF$61 -> 276.83426 | DG80: =(AG80*(CG80/1000)+(Satokasvi!$E$28-Satokasvi!$E$7))/(1+$C$13)^DG$61 -> 326.53833 | DH80: =(AH80*(CH80/1000)+(Satokasvi!$E$28-Satokasvi!$E$7))/(1+$C$13)^DH$61 -> 82.809468 | DI80: =(AI80*(CI80/1000)+(Satokasvi!$E$28-Satokasvi!$E$7))/(1+$C$13)^DI$61 -> 522.51566 | ... DZ80: =(AZ80*(CZ80/1000)+(Satokasvi!$E$28-Satokasvi!$E$7))/(1+$C$13)^DZ$61 -> 206.65917 | EB80: =IF(C$11="x",Toimenpiteet!$E$115,BB80*(CB80/1000)+(Satokasvi!$E$28-Satokasvi!$E$7)+IF(C$8="x",Toimenpiteet!$E$29,0)+IF(C$9="x",Toimenpiteet!$E$60,0)+IF(C$10="x",Toimenpiteet!$E$88,0))/(1+$C$13)^EB$61 -> 120.11802 | EC80: =IF(D$11="x",Toimenpiteet!$E$115,BC80*(CC80/1000)+(Satokasvi!$E$28-Satokasvi!$E$7)+IF(D$8="x",Toimenpiteet!$E$29,0)+IF(D$9="x",Toimenpiteet!$E$60,0)+IF(D$10="x",Toimenpiteet!$E$88,0))/(1+$C$13)^EC$61 -> 206.45881 | ED80: =IF(E$11="x",Toimenpiteet!$E$115,BD80*(CD80/1000)+(Satokasvi!$E$28-Satokasvi!$E$7)+IF(E$8="x",Toimenpiteet!$E$29,0)+IF(E$9="x",Toimenpiteet!$E$60,0)+IF(E$10="x",Toimenpiteet!$E$88,0))/(1+$C$13)^ED$61 -> 284.35467 | EE80: =IF(F$11="x",Toimenpiteet!$E$115,BE80*(CE80/1000)+(Satokasvi!$E$28-Satokasvi!$E$7)+IF(F$8="x",Toimenpiteet!$E$29,0)+IF(F$9="x",Toimenpiteet!$E$60,0)+IF(F$10="x",Toimenpiteet!$E$88,0))/(1+$C$13)^EE$61 -> 290.92861 | EF80: =IF(G$11="x",Toimenpiteet!$E$115,BF80*(CF80/1000)+(Satokasvi!$E$28-Satokasvi!$E$7)+IF(G$8="x",Toimenpiteet!$E$29,0)+IF(G$9="x",Toimenpiteet!$E$60,0)+IF(G$10="x",Toimenpiteet!$E$88,0))/(1+$C$13)^EF$61 -> 241.76495 | EG80: =IF(H$11="x",Toimenpiteet!$E$115,BG80*(CG80/1000)+(Satokasvi!$E$28-Satokasvi!$E$7)+IF(H$8="x",Toimenpiteet!$E$29,0)+IF(H$9="x",Toimenpiteet!$E$60,0)+IF(H$10="x",Toimenpiteet!$E$88,0))/(1+$C$13)^EG$61 -> 277.77137 | EH80: =IF(I$11="x",Toimenpiteet!$E$115,BH80*(CH80/1000)+(Satokasvi!$E$28-Satokasvi!$E$7)+IF(I$8="x",Toimenpiteet!$E$29,0)+IF(I$9="x",Toimenpiteet!$E$60,0)+IF(I$10="x",Toimenpiteet!$E$88,0))/(1+$C$13)^EH$61 -> 95.141662 | EI80: =IF(J$11="x",Toimenpiteet!$E$115,BI80*(CI80/1000)+(Satokasvi!$E$28-Satokasvi!$E$7)+IF(J$8="x",Toimenpiteet!$E$29,0)+IF(J$9="x",Toimenpiteet!$E$60,0)+IF(J$10="x",Toimenpiteet!$E$88,0))/(1+$C$13)^EI$61 -> 421.83697 | ... EZ80: =IF(AA$11="x",Toimenpiteet!$E$115,BZ80*(CZ80/1000)+(Satokasvi!$E$28-Satokasvi!$E$7)+IF(AA$8="x",Toimenpiteet!$E$29,0)+IF(AA$9="x",Toimenpiteet!$E$60,0)+IF(AA$10="x",Toimenpiteet!$E$88,0))/(1+$C$13)^EZ$61 -> 173.64022 | FB80: =DB80 -> 120.35777 | FC80: =FB80+DC80 -> 357.10839 | FD80: =FC80+DD80 -> 697.26605 | FE80: =FD80+DE80 -> 1043.1549 | FF80: =FE80+DF80 -> 1319.9891 | FG80: =FF80+DG80 -> 1646.5275 | FH80: =FG80+DH80 -> 1729.3369 | FI80: =FH80+DI80 -> 2251.8526 | FJ80: =FI80+DJ80 -> 2348.1852 | ... FZ80: =FY80+DZ80 -> 5495.6019 | GB80: =EB80 -> 120.11802 | GC80: =GB80+EC80 -> 326.57683 | GD80: =GC80+ED80 -> 610.9315 | GE80: =GD80+EE80 -> 901.86011 | GF80: =GE80+EF80 -> 1143.6251 | GG80: =GF80+EG80 -> 1421.3964 | GH80: =GG80+EH80 -> 1516.5381 | GI80: =GH80+EI80 -> 1938.3751 | GJ80: =GI80+EJ80 -> 2041.675 | ... GZ80: =GY80+EZ80 -> 4782.9668 | HB80: =_xlfn.XLOOKUP($BE$18,$FB$61:$FZ$61,FB80:FZ80) -> 2607.9164 | HC80: =_xlfn.XLOOKUP($BE$18,$GB$61:$GZ$61,GB80:GZ80) -> 2265.8218 | HE80: =$BI$5 -> -0.5 | HF80: =$HF$67 -> -0.1 | HG80: =IF(C$11="x",0,Satokasvi!$H$6*(1+$HE80)*(1+_xlfn.XLOOKUP($HF80,$HF$67:$HF$76,HG$67:HG$76))) -> 1732.5 | HH80: =IF(D$11="x",0,Satokasvi!$H$6*(1+$HE80)*(1+_xlfn.XLOOKUP($HF80,$HF$67:$HF$76,HH$67:HH$76))) -> 1715 | HI80: =IF(E$11="x",0,Satokasvi!$H$6*(1+$HE80)*(1+_xlfn.XLOOKUP($HF80,$HF$67:$HF$76,HI$67:HI$76))) -> 1697.5 | HJ80: =IF(F$11="x",0,Satokasvi!$H$6*(1+$HE80)*(1+_xlfn.XLOOKUP($HF80,$HF$67:$HF$76,HJ$67:HJ$76))) -> 1680 | HK80: =IF(G$11="x",0,Satokasvi!$H$6*(1+$HE80)*(1+_xlfn.XLOOKUP($HF80,$HF$67:$HF$76,HK$67:HK$76))) -> 1662.5 | HL80: =IF(H$11="x",0,Satokasvi!$H$6*(1+$HE80)*(1+_xlfn.XLOOKUP($HF80,$HF$67:$HF$76,HL$67:HL$76))) -> 1645 | HM80: =IF(I$11="x",0,Satokasvi!$H$6*(1+$HE80)*(1+_xlfn.XLOOKUP($HF80,$HF$67:$HF$76,HM$67:HM$76))) -> 1627.5 | HN80: =IF(J$11="x",0,Satokasvi!$H$6*(1+$HE80)*(1+_xlfn.XLOOKUP($HF80,$HF$67:$HF$76,HN$67:HN$76))) -> 1610 | ... IE80: =IF(AA$11="x",0,Satokasvi!$H$6*(1+$HE80)*(1+_xlfn.XLOOKUP($HF80,$HF$67:$HF$76,IE$67:IE$76))) -> 1575
